delegator,validator,bonded token
odin1vc0fj5e86nymn8shejs3a2q89mv2yxxa5nr006,odinvaloper1prdr5g0mad8430ru4y0gpttyhhd4pm6yqz686s,3000000
odin1vc0fj5e86nymn8shejs3a2q89mv2yxxa5nr006,odinvaloper1usa0ldz9lhfd7zf5h93qtzn0st9uqtd949x9ww,300000
odin1ezz9vww05ylh6zmkmwnrfwslf3tkwmwda3p2jy,odinvaloper1pcwlans8a2xtfddx04n6vhal5wx8jsvmxean8n,7992802
odin1ezz9vww05ylh6zmkmwnrfwslf3tkwmwda3p2jy,odinvaloper1wuwhanclwh9ckpe6z6480t3pjjpk7dsj2trk9p,3000000
odin148yradenncq6phhcj0rsy2ze7fmvk877npap49,odinvaloper1ns80t8zh50uelxrjw2ua6lchdym3j6xrgrwxg7,2450305030
odin148yradenncq6phhcj0rsy2ze7fmvk877npap49,odinvaloper1tkv6yfg7ukeea58tf3fyhtmdm2hely8d8hnn2m,1163541007
odin1pjl3v60ecq5emlw3h5e6jx70yygcvnr337s7jw,odinvaloper10u2g5yhvtm0d76f860kggp6lakge4q8hj59tn5,10407084902
odin1pjl3v60ecq5emlw3h5e6jx70yygcvnr337s7jw,odinvaloper1tkv6yfg7ukeea58tf3fyhtmdm2hely8d8hnn2m,9862743603
odin1puy0ajtq3tvkx5d9z8xj9stkl4j0tz8gdvmsqj,odinvaloper1jj2xx0en2wcs8vj3n4s6lkf8gjqqwtkh8996st,1500000000
odin1puy0ajtq3tvkx5d9z8xj9stkl4j0tz8gdvmsqj,odinvaloper1weryas9wx2saawjuefxtkxt0ayv9956ytmls6h,1250000000
odin1puy0ajtq3tvkx5d9z8xj9stkl4j0tz8gdvmsqj,odinvaloper12hpn6mxulk8gt9zu0hs5lv20y666gmuszjfy3h,30000000
odin1puy0ajtq3tvkx5d9z8xj9stkl4j0tz8gdvmsqj,odinvaloper1z2mdr2unlrnqnwzu03ujym078pp8g4wy9k6hqd,23
odin1n7ppvyeyl7wj75khxls9ddh9gwvzpahamgu338,odinvaloper1ns80t8zh50uelxrjw2ua6lchdym3j6xrgrwxg7,14500000000
odin1n7ppvyeyl7wj75khxls9ddh9gwvzpahamgu338,odinvaloper1tkv6yfg7ukeea58tf3fyhtmdm2hely8d8hnn2m,13000000000
odin1n7ppvyeyl7wj75khxls9ddh9gwvzpahamgu338,odinvaloper12j5xj3dz6vzj4tympst9kmrxpahew0ppu6jhgw,5000000000
odin103fn4l3pta4uynm3s3anpzlw7qxkar66060any,odinvaloper10u2g5yhvtm0d76f860kggp6lakge4q8hj59tn5,6999300000
odin103fn4l3pta4uynm3s3anpzlw7qxkar66060any,odinvaloper1tkv6yfg7ukeea58tf3fyhtmdm2hely8d8hnn2m,3400000000
odin1pv03yz7y7atd72xtzzpyfqy8w3eu5rwvcfp9v9,odinvaloper103yy6yxn7u3tfs25fr4xt4hyfq9h44ydw98n3z,184500000
odin1pv03yz7y7atd72xtzzpyfqy8w3eu5rwvcfp9v9,odinvaloper1sxvwx7h6wp4hcn3rh2xtl8mv6w0w9mvudd6e3j,64400000
odin1pv03yz7y7atd72xtzzpyfqy8w3eu5rwvcfp9v9,odinvaloper1usa0ldz9lhfd7zf5h93qtzn0st9uqtd949x9ww,38000000
odin1anxpr44m7qtyjwzzmsjw5llu06sjtp3cezjyl7,odinvaloper1tkv6yfg7ukeea58tf3fyhtmdm2hely8d8hnn2m,17000000
odin1anxpr44m7qtyjwzzmsjw5llu06sjtp3cezjyl7,odinvaloper1wuwhanclwh9ckpe6z6480t3pjjpk7dsj2trk9p,10000000
odin1mkqz0kqrvv97k34fufle9rx7fvukze4plgl7w2,odinvaloper1tkv6yfg7ukeea58tf3fyhtmdm2hely8d8hnn2m,15000000000
odin1mkqz0kqrvv97k34fufle9rx7fvukze4plgl7w2,odinvaloper18xzaak0mxtzy9dsral8yucpfdak7mhc3ywjapu,14997500000
odin1g0ezv8rz38psvuguy2w5rgngpkk3cyxudzshjd,odinvaloper1tkv6yfg7ukeea58tf3fyhtmdm2hely8d8hnn2m,514174483
odin1g0ezv8rz38psvuguy2w5rgngpkk3cyxudzshjd,odinvaloper1prdr5g0mad8430ru4y0gpttyhhd4pm6yqz686s,278719987
odin1g47ylnna3a47w0rrvta28tl60wnnsdtpsmvja6,odinvaloper1prdr5g0mad8430ru4y0gpttyhhd4pm6yqz686s,190000000
odin1g47ylnna3a47w0rrvta28tl60wnnsdtpsmvja6,odinvaloper1usa0ldz9lhfd7zf5h93qtzn0st9uqtd949x9ww,110000000
odin1g47ylnna3a47w0rrvta28tl60wnnsdtpsmvja6,odinvaloper1s009mue6fg6usnd8dfyvtvcckndtxsxjd5shs7,100000000
odin1ulypa58q32caz0da9vx6y2rv408jnaxq6lrasy,odinvaloper1tkv6yfg7ukeea58tf3fyhtmdm2hely8d8hnn2m,377813313970
odin1ulypa58q32caz0da9vx6y2rv408jnaxq6lrasy,odinvaloper12j5xj3dz6vzj4tympst9kmrxpahew0ppu6jhgw,300600955534
odin1ulypa58q32caz0da9vx6y2rv408jnaxq6lrasy,odinvaloper16l94qycfsepcyxsg5ygt3krwrzeepzj380qy8y,300460200123
odin1ulypa58q32caz0da9vx6y2rv408jnaxq6lrasy,odinvaloper1prdr5g0mad8430ru4y0gpttyhhd4pm6yqz686s,300000000000
odin1ulypa58q32caz0da9vx6y2rv408jnaxq6lrasy,odinvaloper103yy6yxn7u3tfs25fr4xt4hyfq9h44ydw98n3z,266412738062
odin1ulypa58q32caz0da9vx6y2rv408jnaxq6lrasy,odinvaloper1svt6pg0p9qnsd2vjx062yt2843nnvtxcsu4kzj,250375566204
odin1ulypa58q32caz0da9vx6y2rv408jnaxq6lrasy,odinvaloper18xzaak0mxtzy9dsral8yucpfdak7mhc3ywjapu,200300419225
odin1ulypa58q32caz0da9vx6y2rv408jnaxq6lrasy,odinvaloper1s009mue6fg6usnd8dfyvtvcckndtxsxjd5shs7,50079281221
odin1vrv7hp6tqnqhm564s2985vx7eqqqnuqsqllyqf,odinvaloper1pjcyssl7ewhtlp4dqn596hu3gr7xs9su2z67tp,2552000000
odin1vrv7hp6tqnqhm564s2985vx7eqqqnuqsqllyqf,odinvaloper103yy6yxn7u3tfs25fr4xt4hyfq9h44ydw98n3z,4408
odin17md6vnlpulq2vt8u5rccadx9wxx0al7qpmfur0,odinvaloper1tkv6yfg7ukeea58tf3fyhtmdm2hely8d8hnn2m,23676627941
odin17md6vnlpulq2vt8u5rccadx9wxx0al7qpmfur0,odinvaloper103yy6yxn7u3tfs25fr4xt4hyfq9h44ydw98n3z,2612304171
odin17md6vnlpulq2vt8u5rccadx9wxx0al7qpmfur0,odinvaloper10u2g5yhvtm0d76f860kggp6lakge4q8hj59tn5,2608785734
odin17md6vnlpulq2vt8u5rccadx9wxx0al7qpmfur0,odinvaloper1ns80t8zh50uelxrjw2ua6lchdym3j6xrgrwxg7,2608451622
odin144p9x8gtffm0dc7pntugqees7g2whejqlrgz6y,odinvaloper1tkv6yfg7ukeea58tf3fyhtmdm2hely8d8hnn2m,24000000000
odin144p9x8gtffm0dc7pntugqees7g2whejqlrgz6y,odinvaloper103yy6yxn7u3tfs25fr4xt4hyfq9h44ydw98n3z,22000000000
odin17rft8zvfw5upccgssqe0jv96kzf3hn9uqf20r3,odinvaloper1ku6dsk0rh8l0me8j0lkks3sefsr90hd2z8g06e,1186468997
odin17rft8zvfw5upccgssqe0jv96kzf3hn9uqf20r3,odinvaloper12j5xj3dz6vzj4tympst9kmrxpahew0ppu6jhgw,699573786
odin19ntsdxgf28m6gre0rxudzl4fygmk865l8qajce,odinvaloper18xzaak0mxtzy9dsral8yucpfdak7mhc3ywjapu,1000000000
odin19ntsdxgf28m6gre0rxudzl4fygmk865l8qajce,odinvaloper1svt6pg0p9qnsd2vjx062yt2843nnvtxcsu4kzj,100000000
odin1ddmmtady24ncs5z8k5tuqyvpcfvxjc6uncy4z8,odinvaloper1wuwhanclwh9ckpe6z6480t3pjjpk7dsj2trk9p,570000000
odin1ddmmtady24ncs5z8k5tuqyvpcfvxjc6uncy4z8,odinvaloper12hpn6mxulk8gt9zu0hs5lv20y666gmuszjfy3h,158000000
odin1ddmmtady24ncs5z8k5tuqyvpcfvxjc6uncy4z8,odinvaloper1usa0ldz9lhfd7zf5h93qtzn0st9uqtd949x9ww,136000000
odin1ddmmtady24ncs5z8k5tuqyvpcfvxjc6uncy4z8,odinvaloper1z2mdr2unlrnqnwzu03ujym078pp8g4wy9k6hqd,35000000
odin1ddmmtady24ncs5z8k5tuqyvpcfvxjc6uncy4z8,odinvaloper1wm93qtv8gtr2x83cm2hddk02k8z2vkwc4j4x8s,9999
odin1ddmmtady24ncs5z8k5tuqyvpcfvxjc6uncy4z8,odinvaloper1weryas9wx2saawjuefxtkxt0ayv9956ytmls6h,20
odin1j0kknh8l7lfkg4srpmlw8h4k5l7pz8t3mgqq0d,odinvaloper1ns80t8zh50uelxrjw2ua6lchdym3j6xrgrwxg7,1219746903
odin1j0kknh8l7lfkg4srpmlw8h4k5l7pz8t3mgqq0d,odinvaloper1pcwlans8a2xtfddx04n6vhal5wx8jsvmxean8n,0
odin1lyrttjay5m02ssxh9j2d3xd6llzzqlj7rnukxw,odinvaloper10u2g5yhvtm0d76f860kggp6lakge4q8hj59tn5,141989800
odin1lyrttjay5m02ssxh9j2d3xd6llzzqlj7rnukxw,odinvaloper1ku6dsk0rh8l0me8j0lkks3sefsr90hd2z8g06e,100500000
odin1lyrttjay5m02ssxh9j2d3xd6llzzqlj7rnukxw,odinvaloper19mhtrvu5tzfr0mdyjnejggltjah803yzgltu88,100000015
odin1lyrttjay5m02ssxh9j2d3xd6llzzqlj7rnukxw,odinvaloper103yy6yxn7u3tfs25fr4xt4hyfq9h44ydw98n3z,100000000
odin1lyrttjay5m02ssxh9j2d3xd6llzzqlj7rnukxw,odinvaloper1tkv6yfg7ukeea58tf3fyhtmdm2hely8d8hnn2m,100000000
odin1lyrttjay5m02ssxh9j2d3xd6llzzqlj7rnukxw,odinvaloper16l94qycfsepcyxsg5ygt3krwrzeepzj380qy8y,100000000
odin1lyrttjay5m02ssxh9j2d3xd6llzzqlj7rnukxw,odinvaloper1ns80t8zh50uelxrjw2ua6lchdym3j6xrgrwxg7,99999799
odin1lyrttjay5m02ssxh9j2d3xd6llzzqlj7rnukxw,odinvaloper1hz4ec0y6unshsfdwk2qj3dm3htky8yez486u25,57400000
odin1lyrttjay5m02ssxh9j2d3xd6llzzqlj7rnukxw,odinvaloper1pcwlans8a2xtfddx04n6vhal5wx8jsvmxean8n,0
odin1c8392pf8ts264svqhf4vg5cf8s989eya2av6sw,odinvaloper18xzaak0mxtzy9dsral8yucpfdak7mhc3ywjapu,20000198521
odin1c8392pf8ts264svqhf4vg5cf8s989eya2av6sw,odinvaloper13vlywycxkfwgjkj9pprnmh5nhc45t0ggm4gw55,20000000825
odin1c8392pf8ts264svqhf4vg5cf8s989eya2av6sw,odinvaloper1tkv6yfg7ukeea58tf3fyhtmdm2hely8d8hnn2m,20000000000
odin1c8392pf8ts264svqhf4vg5cf8s989eya2av6sw,odinvaloper1phaq5u2xw5489ntchtdd8y4j6a65gfhechmgde,2500000000
odin1c8392pf8ts264svqhf4vg5cf8s989eya2av6sw,odinvaloper103yy6yxn7u3tfs25fr4xt4hyfq9h44ydw98n3z,2410002054
odin1c8392pf8ts264svqhf4vg5cf8s989eya2av6sw,odinvaloper1pcwlans8a2xtfddx04n6vhal5wx8jsvmxean8n,10
odin1xjapfntlvpz2uf738lud7yvxcutkvk24de0clg,odinvaloper1tkv6yfg7ukeea58tf3fyhtmdm2hely8d8hnn2m,85000000
odin1xjapfntlvpz2uf738lud7yvxcutkvk24de0clg,odinvaloper1wuwhanclwh9ckpe6z6480t3pjjpk7dsj2trk9p,30000000
odin1xjapfntlvpz2uf738lud7yvxcutkvk24de0clg,odinvaloper103yy6yxn7u3tfs25fr4xt4hyfq9h44ydw98n3z,30000000
odin1xjapfntlvpz2uf738lud7yvxcutkvk24de0clg,odinvaloper1s009mue6fg6usnd8dfyvtvcckndtxsxjd5shs7,20000000
odin1xjapfntlvpz2uf738lud7yvxcutkvk24de0clg,odinvaloper1ns80t8zh50uelxrjw2ua6lchdym3j6xrgrwxg7,20000000
odin1xjapfntlvpz2uf738lud7yvxcutkvk24de0clg,odinvaloper10u2g5yhvtm0d76f860kggp6lakge4q8hj59tn5,14998500
odin1xjapfntlvpz2uf738lud7yvxcutkvk24de0clg,odinvaloper1ku6dsk0rh8l0me8j0lkks3sefsr90hd2z8g06e,14000000
odin1xjapfntlvpz2uf738lud7yvxcutkvk24de0clg,odinvaloper12j5xj3dz6vzj4tympst9kmrxpahew0ppu6jhgw,10000000
odin1xjapfntlvpz2uf738lud7yvxcutkvk24de0clg,odinvaloper1usa0ldz9lhfd7zf5h93qtzn0st9uqtd949x9ww,10000000
odin1xjapfntlvpz2uf738lud7yvxcutkvk24de0clg,odinvaloper1hl0lduu35a9f6awf3nr4uqk7u4z6yhj6s9g4pm,10000000
odin1xjapfntlvpz2uf738lud7yvxcutkvk24de0clg,odinvaloper1hz4ec0y6unshsfdwk2qj3dm3htky8yez486u25,8000000
odin1xjapfntlvpz2uf738lud7yvxcutkvk24de0clg,odinvaloper16l94qycfsepcyxsg5ygt3krwrzeepzj380qy8y,5000000
odin1xjapfntlvpz2uf738lud7yvxcutkvk24de0clg,odinvaloper140l6y2gp3gxvay6qtn70re7z2s0gn57z9yperl,5000000
odin1xjapfntlvpz2uf738lud7yvxcutkvk24de0clg,odinvaloper1k4uuv8aanj3ejs0qhqmsax9d6lzmp0plz4zxu7,5000000
odin1xjapfntlvpz2uf738lud7yvxcutkvk24de0clg,odinvaloper1k9xkg2nfm0h85ew9lc8ut7sc5lcvyspkfdlatg,3000000
odin1xjapfntlvpz2uf738lud7yvxcutkvk24de0clg,odinvaloper1mzfn23hpd7nuwxgy433f7qvra89utv3hrwvvmn,1000000
odin13qg8wcye68jy2pzxlft33kp6q5u846c2m5s36s,odinvaloper1tkv6yfg7ukeea58tf3fyhtmdm2hely8d8hnn2m,4000000
odin13qg8wcye68jy2pzxlft33kp6q5u846c2m5s36s,odinvaloper140l6y2gp3gxvay6qtn70re7z2s0gn57z9yperl,4000000
odin13qg8wcye68jy2pzxlft33kp6q5u846c2m5s36s,odinvaloper1prdr5g0mad8430ru4y0gpttyhhd4pm6yqz686s,3500000
odin13qg8wcye68jy2pzxlft33kp6q5u846c2m5s36s,odinvaloper12j5xj3dz6vzj4tympst9kmrxpahew0ppu6jhgw,40000
odin1agryme9z3jg89dapcl0jdkk6dfhzkkm4mu4tm5,odinvaloper140l6y2gp3gxvay6qtn70re7z2s0gn57z9yperl,3000000000
odin1agryme9z3jg89dapcl0jdkk6dfhzkkm4mu4tm5,odinvaloper1ns80t8zh50uelxrjw2ua6lchdym3j6xrgrwxg7,2090000000
odin1agryme9z3jg89dapcl0jdkk6dfhzkkm4mu4tm5,odinvaloper1wuwhanclwh9ckpe6z6480t3pjjpk7dsj2trk9p,1000000000
odin1w5jpqh5vs308qld7tmfjcjue7u9pxju0lhqg34,odinvaloper12j5xj3dz6vzj4tympst9kmrxpahew0ppu6jhgw,35427000000
odin1w5jpqh5vs308qld7tmfjcjue7u9pxju0lhqg34,odinvaloper1tkv6yfg7ukeea58tf3fyhtmdm2hely8d8hnn2m,47000000
odin10kr6h8pzrqw34xvrsrg05598837a09kdhzqfz8,odinvaloper1tkv6yfg7ukeea58tf3fyhtmdm2hely8d8hnn2m,31168230921
odin10kr6h8pzrqw34xvrsrg05598837a09kdhzqfz8,odinvaloper103yy6yxn7u3tfs25fr4xt4hyfq9h44ydw98n3z,30795347109
odin10kr6h8pzrqw34xvrsrg05598837a09kdhzqfz8,odinvaloper16l94qycfsepcyxsg5ygt3krwrzeepzj380qy8y,10254197633
odin10kr6h8pzrqw34xvrsrg05598837a09kdhzqfz8,odinvaloper1k4uuv8aanj3ejs0qhqmsax9d6lzmp0plz4zxu7,10251474845
odin10kr6h8pzrqw34xvrsrg05598837a09kdhzqfz8,odinvaloper12hpn6mxulk8gt9zu0hs5lv20y666gmuszjfy3h,9823082073
odin14ezjnakw27z6aysza4sz8p6t92zp3axpugq9qt,odinvaloper1ns80t8zh50uelxrjw2ua6lchdym3j6xrgrwxg7,16466004347
odin14ezjnakw27z6aysza4sz8p6t92zp3axpugq9qt,odinvaloper1tkv6yfg7ukeea58tf3fyhtmdm2hely8d8hnn2m,16466000000
odin14ezjnakw27z6aysza4sz8p6t92zp3axpugq9qt,odinvaloper103yy6yxn7u3tfs25fr4xt4hyfq9h44ydw98n3z,16466000000
odin1c7ur4tzr4haaqm6ekql0hf4dwwhlvapzkfz248,odinvaloper1prdr5g0mad8430ru4y0gpttyhhd4pm6yqz686s,120000000
odin1c7ur4tzr4haaqm6ekql0hf4dwwhlvapzkfz248,odinvaloper1tkv6yfg7ukeea58tf3fyhtmdm2hely8d8hnn2m,114800000
odin1c7ur4tzr4haaqm6ekql0hf4dwwhlvapzkfz248,odinvaloper18xzaak0mxtzy9dsral8yucpfdak7mhc3ywjapu,100000000
odin1c7ur4tzr4haaqm6ekql0hf4dwwhlvapzkfz248,odinvaloper103yy6yxn7u3tfs25fr4xt4hyfq9h44ydw98n3z,100000000
odin1c7ur4tzr4haaqm6ekql0hf4dwwhlvapzkfz248,odinvaloper10u2g5yhvtm0d76f860kggp6lakge4q8hj59tn5,100000000
odin1c7ur4tzr4haaqm6ekql0hf4dwwhlvapzkfz248,odinvaloper140l6y2gp3gxvay6qtn70re7z2s0gn57z9yperl,25000000
odin13gccl8hlxpkwsp2gc57q3kr9jhr8hz6dcqm0qn,odinvaloper1wuwhanclwh9ckpe6z6480t3pjjpk7dsj2trk9p,1922902099
odin13gccl8hlxpkwsp2gc57q3kr9jhr8hz6dcqm0qn,odinvaloper1pcwlans8a2xtfddx04n6vhal5wx8jsvmxean8n,0
odin1t974lhwp2cfe9wzqsv97wsxvgee4fkrg7hr999,odinvaloper1ns80t8zh50uelxrjw2ua6lchdym3j6xrgrwxg7,7223674450
odin1t974lhwp2cfe9wzqsv97wsxvgee4fkrg7hr999,odinvaloper1tkv6yfg7ukeea58tf3fyhtmdm2hely8d8hnn2m,3546105473
odin1t974lhwp2cfe9wzqsv97wsxvgee4fkrg7hr999,odinvaloper10u2g5yhvtm0d76f860kggp6lakge4q8hj59tn5,16286
odin1qly96sy3yklkwv6cf4he5ves4qu8yn587g4r7u,odinvaloper1sxvwx7h6wp4hcn3rh2xtl8mv6w0w9mvudd6e3j,207306576
odin1qly96sy3yklkwv6cf4he5ves4qu8yn587g4r7u,odinvaloper1gr249nhe8y8mdls0z82nfkh2a7xwm7xy7f4m03,111925333
odin1qly96sy3yklkwv6cf4he5ves4qu8yn587g4r7u,odinvaloper1jj2xx0en2wcs8vj3n4s6lkf8gjqqwtkh8996st,105898351
odin1qly96sy3yklkwv6cf4he5ves4qu8yn587g4r7u,odinvaloper140l6y2gp3gxvay6qtn70re7z2s0gn57z9yperl,104932600
odin1qly96sy3yklkwv6cf4he5ves4qu8yn587g4r7u,odinvaloper1usa0ldz9lhfd7zf5h93qtzn0st9uqtd949x9ww,104874691
odin1qly96sy3yklkwv6cf4he5ves4qu8yn587g4r7u,odinvaloper1tkv6yfg7ukeea58tf3fyhtmdm2hely8d8hnn2m,103437544
odin1qly96sy3yklkwv6cf4he5ves4qu8yn587g4r7u,odinvaloper103yy6yxn7u3tfs25fr4xt4hyfq9h44ydw98n3z,102386393
odin1qly96sy3yklkwv6cf4he5ves4qu8yn587g4r7u,odinvaloper1z2mdr2unlrnqnwzu03ujym078pp8g4wy9k6hqd,101289019
odin1qly96sy3yklkwv6cf4he5ves4qu8yn587g4r7u,odinvaloper1prdr5g0mad8430ru4y0gpttyhhd4pm6yqz686s,100937921
odin1qly96sy3yklkwv6cf4he5ves4qu8yn587g4r7u,odinvaloper12j5xj3dz6vzj4tympst9kmrxpahew0ppu6jhgw,20591733
odin1qly96sy3yklkwv6cf4he5ves4qu8yn587g4r7u,odinvaloper1lrdn3s6guqgzfc96kesfk3fg3cufn5jsjg9lxd,15045146
odin1qly96sy3yklkwv6cf4he5ves4qu8yn587g4r7u,odinvaloper18xzaak0mxtzy9dsral8yucpfdak7mhc3ywjapu,1053950
odin1tavf9pe3fl94hpl37u08mwt6p5l3fn4wduxrdt,odinvaloper1wuwhanclwh9ckpe6z6480t3pjjpk7dsj2trk9p,700000000
odin1tavf9pe3fl94hpl37u08mwt6p5l3fn4wduxrdt,odinvaloper1prdr5g0mad8430ru4y0gpttyhhd4pm6yqz686s,540000000
odin1tavf9pe3fl94hpl37u08mwt6p5l3fn4wduxrdt,odinvaloper1pcwlans8a2xtfddx04n6vhal5wx8jsvmxean8n,500082990
odin1tavf9pe3fl94hpl37u08mwt6p5l3fn4wduxrdt,odinvaloper1tkv6yfg7ukeea58tf3fyhtmdm2hely8d8hnn2m,200000000
odin1qwc70zrau90c5tj8pp0zzreklgvfem8vtshn9f,odinvaloper1pcwlans8a2xtfddx04n6vhal5wx8jsvmxean8n,299730108
odin1qwc70zrau90c5tj8pp0zzreklgvfem8vtshn9f,odinvaloper1wuwhanclwh9ckpe6z6480t3pjjpk7dsj2trk9p,40000000
odin1r532h9h54eaylxg49ll6vlr8epcl687s2x9ln7,odinvaloper1prdr5g0mad8430ru4y0gpttyhhd4pm6yqz686s,149999900000
odin1r532h9h54eaylxg49ll6vlr8epcl687s2x9ln7,odinvaloper1tkv6yfg7ukeea58tf3fyhtmdm2hely8d8hnn2m,100000000000
odin1weryas9wx2saawjuefxtkxt0ayv9956yxxtwnr,odinvaloper12hpn6mxulk8gt9zu0hs5lv20y666gmuszjfy3h,5163990653
odin1weryas9wx2saawjuefxtkxt0ayv9956yxxtwnr,odinvaloper1k4uuv8aanj3ejs0qhqmsax9d6lzmp0plz4zxu7,4140077500
odin1weryas9wx2saawjuefxtkxt0ayv9956yxxtwnr,odinvaloper1ypmlekjd2mhjlh0263wtqjmskz77sclsxchm53,1225689279
odin1weryas9wx2saawjuefxtkxt0ayv9956yxxtwnr,odinvaloper1weryas9wx2saawjuefxtkxt0ayv9956ytmls6h,15395173
odin1je6knmp0qk92qngkqqvwtjrln9tz8y3e4knt7l,odinvaloper1ns80t8zh50uelxrjw2ua6lchdym3j6xrgrwxg7,1279870206
odin1je6knmp0qk92qngkqqvwtjrln9tz8y3e4knt7l,odinvaloper16l94qycfsepcyxsg5ygt3krwrzeepzj380qy8y,1279672490
odin14hpyds7vlezfpnjedzszksh3c70j3ld3fl9tvv,odinvaloper1gr249nhe8y8mdls0z82nfkh2a7xwm7xy7f4m03,156784320
odin14hpyds7vlezfpnjedzszksh3c70j3ld3fl9tvv,odinvaloper1z2mdr2unlrnqnwzu03ujym078pp8g4wy9k6hqd,152200000
odin14hpyds7vlezfpnjedzszksh3c70j3ld3fl9tvv,odinvaloper1phaq5u2xw5489ntchtdd8y4j6a65gfhechmgde,29694060
odin14hpyds7vlezfpnjedzszksh3c70j3ld3fl9tvv,odinvaloper1hl0lduu35a9f6awf3nr4uqk7u4z6yhj6s9g4pm,5950000
odin1ghpqjgvnk4m2kuzek3e5zf96q2khmre4ljn03g,odinvaloper1tkv6yfg7ukeea58tf3fyhtmdm2hely8d8hnn2m,27262000000
odin1ghpqjgvnk4m2kuzek3e5zf96q2khmre4ljn03g,odinvaloper103yy6yxn7u3tfs25fr4xt4hyfq9h44ydw98n3z,10000000000
odin1ghpqjgvnk4m2kuzek3e5zf96q2khmre4ljn03g,odinvaloper12j5xj3dz6vzj4tympst9kmrxpahew0ppu6jhgw,10000000000
odin1p4m9q7zam2gtttfkphf8z6pplnjxg7ulcg8jx7,odinvaloper1tkv6yfg7ukeea58tf3fyhtmdm2hely8d8hnn2m,1903780000
odin1p4m9q7zam2gtttfkphf8z6pplnjxg7ulcg8jx7,odinvaloper103yy6yxn7u3tfs25fr4xt4hyfq9h44ydw98n3z,283000000
odin1p4m9q7zam2gtttfkphf8z6pplnjxg7ulcg8jx7,odinvaloper16l94qycfsepcyxsg5ygt3krwrzeepzj380qy8y,130000000
odin1eyy8hsdzyh8aun5mdxcepnnywlagd50vzjkzvr,odinvaloper10u2g5yhvtm0d76f860kggp6lakge4q8hj59tn5,330066990
odin1eyy8hsdzyh8aun5mdxcepnnywlagd50vzjkzvr,odinvaloper1hz4ec0y6unshsfdwk2qj3dm3htky8yez486u25,250000000
odin1eyy8hsdzyh8aun5mdxcepnnywlagd50vzjkzvr,odinvaloper16l94qycfsepcyxsg5ygt3krwrzeepzj380qy8y,103600000
odin1eyy8hsdzyh8aun5mdxcepnnywlagd50vzjkzvr,odinvaloper1ns80t8zh50uelxrjw2ua6lchdym3j6xrgrwxg7,100000000
odin1a20c4f5280pwza4649e88hjrq6qlaptx8e78ym,odinvaloper1tkv6yfg7ukeea58tf3fyhtmdm2hely8d8hnn2m,33000000
odin1a20c4f5280pwza4649e88hjrq6qlaptx8e78ym,odinvaloper1wm93qtv8gtr2x83cm2hddk02k8z2vkwc4j4x8s,32999999
odin1zn0fk5z4pcsh8cxf3lts2pw3498507z8gqjtcz,odinvaloper1ns80t8zh50uelxrjw2ua6lchdym3j6xrgrwxg7,74000000
odin1zn0fk5z4pcsh8cxf3lts2pw3498507z8gqjtcz,odinvaloper1tkv6yfg7ukeea58tf3fyhtmdm2hely8d8hnn2m,3200000
odin1tvcd8welups8wwgj9jxqpt9027eyzatl3p0xvh,odinvaloper18xzaak0mxtzy9dsral8yucpfdak7mhc3ywjapu,50000000
odin1tvcd8welups8wwgj9jxqpt9027eyzatl3p0xvh,odinvaloper1prdr5g0mad8430ru4y0gpttyhhd4pm6yqz686s,20000000
odin1tvcd8welups8wwgj9jxqpt9027eyzatl3p0xvh,odinvaloper140l6y2gp3gxvay6qtn70re7z2s0gn57z9yperl,20000000
odin1tvcd8welups8wwgj9jxqpt9027eyzatl3p0xvh,odinvaloper1tkv6yfg7ukeea58tf3fyhtmdm2hely8d8hnn2m,10000000
odin1az489kl8d6jxpjvgn63d24e78d0lcm33f3ph9z,odinvaloper13vlywycxkfwgjkj9pprnmh5nhc45t0ggm4gw55,202381022630
odin1az489kl8d6jxpjvgn63d24e78d0lcm33f3ph9z,odinvaloper1tkv6yfg7ukeea58tf3fyhtmdm2hely8d8hnn2m,102053888650
odin1az489kl8d6jxpjvgn63d24e78d0lcm33f3ph9z,odinvaloper1evv5y2ake002n9l27t5qhqcwhgwd6up2mpuyj0,59999000016
odin1az489kl8d6jxpjvgn63d24e78d0lcm33f3ph9z,odinvaloper10u2g5yhvtm0d76f860kggp6lakge4q8hj59tn5,58146200612
odin1az489kl8d6jxpjvgn63d24e78d0lcm33f3ph9z,odinvaloper1ns80t8zh50uelxrjw2ua6lchdym3j6xrgrwxg7,57715627025
odin1az489kl8d6jxpjvgn63d24e78d0lcm33f3ph9z,odinvaloper14da0ag6pcf7hlgh54unm8udcm8flctna3djra7,1114
odin17m6nljqlutsk2drwqya6vl2alqwwpg05khpuy5,odinvaloper1usa0ldz9lhfd7zf5h93qtzn0st9uqtd949x9ww,61743432
odin17m6nljqlutsk2drwqya6vl2alqwwpg05khpuy5,odinvaloper1tkv6yfg7ukeea58tf3fyhtmdm2hely8d8hnn2m,26415037
odin19s09vcxsmcztygy8udx3hh0pxfawmga7euxmmu,odinvaloper18xzaak0mxtzy9dsral8yucpfdak7mhc3ywjapu,1775000000
odin19s09vcxsmcztygy8udx3hh0pxfawmga7euxmmu,odinvaloper1tkv6yfg7ukeea58tf3fyhtmdm2hely8d8hnn2m,950000000
odin19s09vcxsmcztygy8udx3hh0pxfawmga7euxmmu,odinvaloper103yy6yxn7u3tfs25fr4xt4hyfq9h44ydw98n3z,700000000
odin19s09vcxsmcztygy8udx3hh0pxfawmga7euxmmu,odinvaloper1ns80t8zh50uelxrjw2ua6lchdym3j6xrgrwxg7,700000000
odin1kav27hgzk0dv949h97uc8rw84qkafnt0vmyg9g,odinvaloper1tkv6yfg7ukeea58tf3fyhtmdm2hely8d8hnn2m,10375000000
odin1kav27hgzk0dv949h97uc8rw84qkafnt0vmyg9g,odinvaloper103yy6yxn7u3tfs25fr4xt4hyfq9h44ydw98n3z,10000000000
odin1g6a8mqm5sc3q827vw9nte25txqu6uykjssa83x,odinvaloper1tkv6yfg7ukeea58tf3fyhtmdm2hely8d8hnn2m,5050000
odin1g6a8mqm5sc3q827vw9nte25txqu6uykjssa83x,odinvaloper140l6y2gp3gxvay6qtn70re7z2s0gn57z9yperl,5010000
odin18dydhz4m44fmcg8aj76zswwugrs303r4d0lfqx,odinvaloper1tkv6yfg7ukeea58tf3fyhtmdm2hely8d8hnn2m,3000000000
odin18dydhz4m44fmcg8aj76zswwugrs303r4d0lfqx,odinvaloper1wuwhanclwh9ckpe6z6480t3pjjpk7dsj2trk9p,2087000000
odin13ar6n8rpwj6m05v53glxlk95yn97p5z7zvfcda,odinvaloper18xzaak0mxtzy9dsral8yucpfdak7mhc3ywjapu,30000000
odin13ar6n8rpwj6m05v53glxlk95yn97p5z7zvfcda,odinvaloper1tkv6yfg7ukeea58tf3fyhtmdm2hely8d8hnn2m,30000000
odin1rz6ackm5p23evrw90el8j5376m625hdmelpwq3,odinvaloper1usa0ldz9lhfd7zf5h93qtzn0st9uqtd949x9ww,116866903
odin1rz6ackm5p23evrw90el8j5376m625hdmelpwq3,odinvaloper1evv5y2ake002n9l27t5qhqcwhgwd6up2mpuyj0,769600
odin10twy82ugplzlpj8k8f67f7753yd5skmmvclvdl,odinvaloper1wuwhanclwh9ckpe6z6480t3pjjpk7dsj2trk9p,500000000
odin10twy82ugplzlpj8k8f67f7753yd5skmmvclvdl,odinvaloper10u2g5yhvtm0d76f860kggp6lakge4q8hj59tn5,500000000
odin10twy82ugplzlpj8k8f67f7753yd5skmmvclvdl,odinvaloper1ns80t8zh50uelxrjw2ua6lchdym3j6xrgrwxg7,500000000
odin10twy82ugplzlpj8k8f67f7753yd5skmmvclvdl,odinvaloper1phaq5u2xw5489ntchtdd8y4j6a65gfhechmgde,500000000
odin10twy82ugplzlpj8k8f67f7753yd5skmmvclvdl,odinvaloper19mhtrvu5tzfr0mdyjnejggltjah803yzgltu88,499999999
odin1n5dr83s3m0qhaer02z0leaz3l64huwz0t285ez,odinvaloper1tkv6yfg7ukeea58tf3fyhtmdm2hely8d8hnn2m,641143173
odin1n5dr83s3m0qhaer02z0leaz3l64huwz0t285ez,odinvaloper18xzaak0mxtzy9dsral8yucpfdak7mhc3ywjapu,317381742
odin1n5dr83s3m0qhaer02z0leaz3l64huwz0t285ez,odinvaloper1ns80t8zh50uelxrjw2ua6lchdym3j6xrgrwxg7,680
odin1ufuaklm6cmqy8jgltdyr6htzt50zprjj00vqq6,odinvaloper1tkv6yfg7ukeea58tf3fyhtmdm2hely8d8hnn2m,85500000000
odin1ufuaklm6cmqy8jgltdyr6htzt50zprjj00vqq6,odinvaloper1ns80t8zh50uelxrjw2ua6lchdym3j6xrgrwxg7,11464000000
odin18fsjwqu50yhyecdje6p909ar4getxsdmr2ccx7,odinvaloper10u2g5yhvtm0d76f860kggp6lakge4q8hj59tn5,11719428000
odin18fsjwqu50yhyecdje6p909ar4getxsdmr2ccx7,odinvaloper1tkv6yfg7ukeea58tf3fyhtmdm2hely8d8hnn2m,11100000000
odin18fsjwqu50yhyecdje6p909ar4getxsdmr2ccx7,odinvaloper19mhtrvu5tzfr0mdyjnejggltjah803yzgltu88,10227750369
odin18fsjwqu50yhyecdje6p909ar4getxsdmr2ccx7,odinvaloper1ns80t8zh50uelxrjw2ua6lchdym3j6xrgrwxg7,2800000000
odin18fsjwqu50yhyecdje6p909ar4getxsdmr2ccx7,odinvaloper1ku6dsk0rh8l0me8j0lkks3sefsr90hd2z8g06e,2500000000
odin1mcrnf2n2vmmut5j7upluehstxh4yenztnavymg,odinvaloper1ns80t8zh50uelxrjw2ua6lchdym3j6xrgrwxg7,1317184083
odin1mcrnf2n2vmmut5j7upluehstxh4yenztnavymg,odinvaloper1usa0ldz9lhfd7zf5h93qtzn0st9uqtd949x9ww,661075116
odin1ddefwgwems0u53w78mczqkz86gqx3uc8m3jxpj,odinvaloper14da0ag6pcf7hlgh54unm8udcm8flctna3djra7,999999
odin1ddefwgwems0u53w78mczqkz86gqx3uc8m3jxpj,odinvaloper19mhtrvu5tzfr0mdyjnejggltjah803yzgltu88,999999
odin1ddefwgwems0u53w78mczqkz86gqx3uc8m3jxpj,odinvaloper1evv5y2ake002n9l27t5qhqcwhgwd6up2mpuyj0,56
odin1ddefwgwems0u53w78mczqkz86gqx3uc8m3jxpj,odinvaloper1dtjflhhejdnw6frxqqwczpttt8jr3p7qf0el0v,0
odin1ddefwgwems0u53w78mczqkz86gqx3uc8m3jxpj,odinvaloper1phaq5u2xw5489ntchtdd8y4j6a65gfhechmgde,0
odin1ddefwgwems0u53w78mczqkz86gqx3uc8m3jxpj,odinvaloper10u2g5yhvtm0d76f860kggp6lakge4q8hj59tn5,0
odin1qerev5feaft35fp2n3ept7fdsheud52z0gzne0,odinvaloper12hpn6mxulk8gt9zu0hs5lv20y666gmuszjfy3h,2050000000001
odin1qerev5feaft35fp2n3ept7fdsheud52z0gzne0,odinvaloper1s009mue6fg6usnd8dfyvtvcckndtxsxjd5shs7,2050000000000
odin1qerev5feaft35fp2n3ept7fdsheud52z0gzne0,odinvaloper1weryas9wx2saawjuefxtkxt0ayv9956ytmls6h,2000000000000
odin1qerev5feaft35fp2n3ept7fdsheud52z0gzne0,odinvaloper1ypmlekjd2mhjlh0263wtqjmskz77sclsxchm53,2000000000000
odin1qerev5feaft35fp2n3ept7fdsheud52z0gzne0,odinvaloper1k4uuv8aanj3ejs0qhqmsax9d6lzmp0plz4zxu7,2000000000000
odin1qerev5feaft35fp2n3ept7fdsheud52z0gzne0,odinvaloper12j5xj3dz6vzj4tympst9kmrxpahew0ppu6jhgw,1064967506665
odin1qerev5feaft35fp2n3ept7fdsheud52z0gzne0,odinvaloper1xgp94zvrqqk0mhd0eh4hqk27y4kjvq4jdwqcnz,1000001000000
odin1qerev5feaft35fp2n3ept7fdsheud52z0gzne0,odinvaloper1pjcyssl7ewhtlp4dqn596hu3gr7xs9su2z67tp,1000000000000
odin1qerev5feaft35fp2n3ept7fdsheud52z0gzne0,odinvaloper10u2g5yhvtm0d76f860kggp6lakge4q8hj59tn5,700000000004
odin1qerev5feaft35fp2n3ept7fdsheud52z0gzne0,odinvaloper1svt6pg0p9qnsd2vjx062yt2843nnvtxcsu4kzj,700000000000
odin1qerev5feaft35fp2n3ept7fdsheud52z0gzne0,odinvaloper16l94qycfsepcyxsg5ygt3krwrzeepzj380qy8y,650000000000
odin1qerev5feaft35fp2n3ept7fdsheud52z0gzne0,odinvaloper18xzaak0mxtzy9dsral8yucpfdak7mhc3ywjapu,500000000000
odin1qerev5feaft35fp2n3ept7fdsheud52z0gzne0,odinvaloper10p5ry5ws70jfn62fjw3pa6nfxrut5p2ct3akjw,500000000000
odin1qerev5feaft35fp2n3ept7fdsheud52z0gzne0,odinvaloper1usa0ldz9lhfd7zf5h93qtzn0st9uqtd949x9ww,200000000000
odin1qerev5feaft35fp2n3ept7fdsheud52z0gzne0,odinvaloper1k9xkg2nfm0h85ew9lc8ut7sc5lcvyspkfdlatg,200000000000
odin1qerev5feaft35fp2n3ept7fdsheud52z0gzne0,odinvaloper1wuwhanclwh9ckpe6z6480t3pjjpk7dsj2trk9p,152000000000
odin1qerev5feaft35fp2n3ept7fdsheud52z0gzne0,odinvaloper1agc625vf57femlvg7aupvuje8v73swlmv6watw,150000000000
odin1qerev5feaft35fp2n3ept7fdsheud52z0gzne0,odinvaloper1z2mdr2unlrnqnwzu03ujym078pp8g4wy9k6hqd,150000000000
odin1qerev5feaft35fp2n3ept7fdsheud52z0gzne0,odinvaloper1hz4ec0y6unshsfdwk2qj3dm3htky8yez486u25,50000000000
odin1qerev5feaft35fp2n3ept7fdsheud52z0gzne0,odinvaloper1lrdn3s6guqgzfc96kesfk3fg3cufn5jsjg9lxd,50000000000
odin1qerev5feaft35fp2n3ept7fdsheud52z0gzne0,odinvaloper16669s8yp90uvnpn2377rzxp5f2wgdm3frk2tmp,30000000000
odin104f0jkucgfkhj4q493czyl06m4za3dcv5cnp6r,odinvaloper1ns80t8zh50uelxrjw2ua6lchdym3j6xrgrwxg7,31650000000
odin104f0jkucgfkhj4q493czyl06m4za3dcv5cnp6r,odinvaloper1wuwhanclwh9ckpe6z6480t3pjjpk7dsj2trk9p,25000000000
odin104f0jkucgfkhj4q493czyl06m4za3dcv5cnp6r,odinvaloper1tkv6yfg7ukeea58tf3fyhtmdm2hely8d8hnn2m,24999000000
odin104f0jkucgfkhj4q493czyl06m4za3dcv5cnp6r,odinvaloper16l94qycfsepcyxsg5ygt3krwrzeepzj380qy8y,20998999999
odin104f0jkucgfkhj4q493czyl06m4za3dcv5cnp6r,odinvaloper10u2g5yhvtm0d76f860kggp6lakge4q8hj59tn5,14998500000
odin104f0jkucgfkhj4q493czyl06m4za3dcv5cnp6r,odinvaloper1prdr5g0mad8430ru4y0gpttyhhd4pm6yqz686s,11200000000
odin104f0jkucgfkhj4q493czyl06m4za3dcv5cnp6r,odinvaloper18xzaak0mxtzy9dsral8yucpfdak7mhc3ywjapu,11200000000
odin104f0jkucgfkhj4q493czyl06m4za3dcv5cnp6r,odinvaloper1s009mue6fg6usnd8dfyvtvcckndtxsxjd5shs7,11000000000
odin104f0jkucgfkhj4q493czyl06m4za3dcv5cnp6r,odinvaloper103yy6yxn7u3tfs25fr4xt4hyfq9h44ydw98n3z,10000000000
odin104f0jkucgfkhj4q493czyl06m4za3dcv5cnp6r,odinvaloper1jj2xx0en2wcs8vj3n4s6lkf8gjqqwtkh8996st,1000000
odin104f0jkucgfkhj4q493czyl06m4za3dcv5cnp6r,odinvaloper1usa0ldz9lhfd7zf5h93qtzn0st9uqtd949x9ww,1000000
odin1uxthxgqhmxaqlh5u6990j48x5y0u2udff0rshv,odinvaloper1phaq5u2xw5489ntchtdd8y4j6a65gfhechmgde,782999999
odin1uxthxgqhmxaqlh5u6990j48x5y0u2udff0rshv,odinvaloper1evv5y2ake002n9l27t5qhqcwhgwd6up2mpuyj0,289999999
odin1l4c0w4mmz45d9ekhv35xqtcceek6zcg27207lr,odinvaloper18xzaak0mxtzy9dsral8yucpfdak7mhc3ywjapu,15000000000
odin1l4c0w4mmz45d9ekhv35xqtcceek6zcg27207lr,odinvaloper1hz4ec0y6unshsfdwk2qj3dm3htky8yez486u25,3000000000
odin1l4c0w4mmz45d9ekhv35xqtcceek6zcg27207lr,odinvaloper10u2g5yhvtm0d76f860kggp6lakge4q8hj59tn5,0
odin15jjyts5wpvvn4r5up3hvzv98qcpmrqsf00hdyw,odinvaloper1tkv6yfg7ukeea58tf3fyhtmdm2hely8d8hnn2m,100000000
odin15jjyts5wpvvn4r5up3hvzv98qcpmrqsf00hdyw,odinvaloper103yy6yxn7u3tfs25fr4xt4hyfq9h44ydw98n3z,100000000
odin14c5gumnclrved424e4z7pk9egs4pvr4y7c7llw,odinvaloper18xzaak0mxtzy9dsral8yucpfdak7mhc3ywjapu,132500000000
odin14c5gumnclrved424e4z7pk9egs4pvr4y7c7llw,odinvaloper103yy6yxn7u3tfs25fr4xt4hyfq9h44ydw98n3z,100000000000
odin14c5gumnclrved424e4z7pk9egs4pvr4y7c7llw,odinvaloper1ns80t8zh50uelxrjw2ua6lchdym3j6xrgrwxg7,78400000000
odin14c5gumnclrved424e4z7pk9egs4pvr4y7c7llw,odinvaloper16l94qycfsepcyxsg5ygt3krwrzeepzj380qy8y,75000000000
odin14c5gumnclrved424e4z7pk9egs4pvr4y7c7llw,odinvaloper12j5xj3dz6vzj4tympst9kmrxpahew0ppu6jhgw,23340000000
odin14c5gumnclrved424e4z7pk9egs4pvr4y7c7llw,odinvaloper1svt6pg0p9qnsd2vjx062yt2843nnvtxcsu4kzj,19000000000
odin14c5gumnclrved424e4z7pk9egs4pvr4y7c7llw,odinvaloper1tkv6yfg7ukeea58tf3fyhtmdm2hely8d8hnn2m,8450000000
odin16hvcvhuw5q5jxc6asm8t3h3ltcwgshr520030r,odinvaloper12hpn6mxulk8gt9zu0hs5lv20y666gmuszjfy3h,1333000000
odin16hvcvhuw5q5jxc6asm8t3h3ltcwgshr520030r,odinvaloper1ypmlekjd2mhjlh0263wtqjmskz77sclsxchm53,1222000000
odin1sr0lw3rnl4u3zz7hxrek0pp26hjhapec84t8gc,odinvaloper140l6y2gp3gxvay6qtn70re7z2s0gn57z9yperl,95000000
odin1sr0lw3rnl4u3zz7hxrek0pp26hjhapec84t8gc,odinvaloper1hz4ec0y6unshsfdwk2qj3dm3htky8yez486u25,65250000
odin1sr0lw3rnl4u3zz7hxrek0pp26hjhapec84t8gc,odinvaloper1mzfn23hpd7nuwxgy433f7qvra89utv3hrwvvmn,50000000
odin1sr0lw3rnl4u3zz7hxrek0pp26hjhapec84t8gc,odinvaloper1sxvwx7h6wp4hcn3rh2xtl8mv6w0w9mvudd6e3j,50000000
odin1sr0lw3rnl4u3zz7hxrek0pp26hjhapec84t8gc,odinvaloper10p5ry5ws70jfn62fjw3pa6nfxrut5p2ct3akjw,26500000
odin1sr0lw3rnl4u3zz7hxrek0pp26hjhapec84t8gc,odinvaloper1ns80t8zh50uelxrjw2ua6lchdym3j6xrgrwxg7,25000000
odin1sr0lw3rnl4u3zz7hxrek0pp26hjhapec84t8gc,odinvaloper1s009mue6fg6usnd8dfyvtvcckndtxsxjd5shs7,25000000
odin1sr0lw3rnl4u3zz7hxrek0pp26hjhapec84t8gc,odinvaloper13vlywycxkfwgjkj9pprnmh5nhc45t0ggm4gw55,25000000
odin1sr0lw3rnl4u3zz7hxrek0pp26hjhapec84t8gc,odinvaloper1pfs42htt5w4d65rjt9cs283c2sre4tf3t4sfl7,25000000
odin1sr0lw3rnl4u3zz7hxrek0pp26hjhapec84t8gc,odinvaloper1tkv6yfg7ukeea58tf3fyhtmdm2hely8d8hnn2m,25000000
odin1zzgdsthe3mmaafrcca7x4dun7jqg6nawcpqdrp,odinvaloper1tkv6yfg7ukeea58tf3fyhtmdm2hely8d8hnn2m,2000000000
odin1zzgdsthe3mmaafrcca7x4dun7jqg6nawcpqdrp,odinvaloper1ns80t8zh50uelxrjw2ua6lchdym3j6xrgrwxg7,1999000000
odin10lekgqgnxklk67pujugp3rqgw056prfjkksdu7,odinvaloper1tkv6yfg7ukeea58tf3fyhtmdm2hely8d8hnn2m,45000000000
odin10lekgqgnxklk67pujugp3rqgw056prfjkksdu7,odinvaloper103yy6yxn7u3tfs25fr4xt4hyfq9h44ydw98n3z,39000000000
odin10xy7pe79cv57fcv7lr833fwd3s2fa9epzy07tz,odinvaloper10u2g5yhvtm0d76f860kggp6lakge4q8hj59tn5,799928000
odin10xy7pe79cv57fcv7lr833fwd3s2fa9epzy07tz,odinvaloper1usa0ldz9lhfd7zf5h93qtzn0st9uqtd949x9ww,85000000
odin1h43vxr2mf9kxg24he8rl4t45ajarkvqhldagfw,odinvaloper10u2g5yhvtm0d76f860kggp6lakge4q8hj59tn5,400000000000
odin1h43vxr2mf9kxg24he8rl4t45ajarkvqhldagfw,odinvaloper1usa0ldz9lhfd7zf5h93qtzn0st9uqtd949x9ww,350000000000
odin1h43vxr2mf9kxg24he8rl4t45ajarkvqhldagfw,odinvaloper103yy6yxn7u3tfs25fr4xt4hyfq9h44ydw98n3z,300000000000
odin1h43vxr2mf9kxg24he8rl4t45ajarkvqhldagfw,odinvaloper140l6y2gp3gxvay6qtn70re7z2s0gn57z9yperl,250000000000
odin1h43vxr2mf9kxg24he8rl4t45ajarkvqhldagfw,odinvaloper1ns80t8zh50uelxrjw2ua6lchdym3j6xrgrwxg7,250000000000
odin1h43vxr2mf9kxg24he8rl4t45ajarkvqhldagfw,odinvaloper1svt6pg0p9qnsd2vjx062yt2843nnvtxcsu4kzj,250000000000
odin1h43vxr2mf9kxg24he8rl4t45ajarkvqhldagfw,odinvaloper1tkv6yfg7ukeea58tf3fyhtmdm2hely8d8hnn2m,200000000000
odin1h43vxr2mf9kxg24he8rl4t45ajarkvqhldagfw,odinvaloper12hpn6mxulk8gt9zu0hs5lv20y666gmuszjfy3h,100000000000
odin1h43vxr2mf9kxg24he8rl4t45ajarkvqhldagfw,odinvaloper14da0ag6pcf7hlgh54unm8udcm8flctna3djra7,9560000000
odin1h43vxr2mf9kxg24he8rl4t45ajarkvqhldagfw,odinvaloper1xgp94zvrqqk0mhd0eh4hqk27y4kjvq4jdwqcnz,4690000000
odin1h43vxr2mf9kxg24he8rl4t45ajarkvqhldagfw,odinvaloper1pjcyssl7ewhtlp4dqn596hu3gr7xs9su2z67tp,400000000
odin1vmfekljy9haqgyzsfvyn85xa8xdd8wcum33cf4,odinvaloper1wuwhanclwh9ckpe6z6480t3pjjpk7dsj2trk9p,100000000000
odin1vmfekljy9haqgyzsfvyn85xa8xdd8wcum33cf4,odinvaloper1prdr5g0mad8430ru4y0gpttyhhd4pm6yqz686s,50000000000
odin1vmfekljy9haqgyzsfvyn85xa8xdd8wcum33cf4,odinvaloper1usa0ldz9lhfd7zf5h93qtzn0st9uqtd949x9ww,50000000000
odin1vmfekljy9haqgyzsfvyn85xa8xdd8wcum33cf4,odinvaloper1s009mue6fg6usnd8dfyvtvcckndtxsxjd5shs7,50000000000
odin1vmfekljy9haqgyzsfvyn85xa8xdd8wcum33cf4,odinvaloper16l94qycfsepcyxsg5ygt3krwrzeepzj380qy8y,50000000000
odin1vmfekljy9haqgyzsfvyn85xa8xdd8wcum33cf4,odinvaloper103yy6yxn7u3tfs25fr4xt4hyfq9h44ydw98n3z,50000000000
odin1vmfekljy9haqgyzsfvyn85xa8xdd8wcum33cf4,odinvaloper18xzaak0mxtzy9dsral8yucpfdak7mhc3ywjapu,50000000000
odin1vmfekljy9haqgyzsfvyn85xa8xdd8wcum33cf4,odinvaloper140l6y2gp3gxvay6qtn70re7z2s0gn57z9yperl,50000000000
odin1vmfekljy9haqgyzsfvyn85xa8xdd8wcum33cf4,odinvaloper14da0ag6pcf7hlgh54unm8udcm8flctna3djra7,25000000000
odin1vmfekljy9haqgyzsfvyn85xa8xdd8wcum33cf4,odinvaloper1xgp94zvrqqk0mhd0eh4hqk27y4kjvq4jdwqcnz,24998499903
odin1vmfekljy9haqgyzsfvyn85xa8xdd8wcum33cf4,odinvaloper1pjcyssl7ewhtlp4dqn596hu3gr7xs9su2z67tp,2000000
odin13qgamrz278xyp95w6k2z4xue3est20s0munuz6,odinvaloper1tkv6yfg7ukeea58tf3fyhtmdm2hely8d8hnn2m,6395969289
odin13qgamrz278xyp95w6k2z4xue3est20s0munuz6,odinvaloper103yy6yxn7u3tfs25fr4xt4hyfq9h44ydw98n3z,5327389077
odin13qgamrz278xyp95w6k2z4xue3est20s0munuz6,odinvaloper1ns80t8zh50uelxrjw2ua6lchdym3j6xrgrwxg7,5299789346
odin1l5fl0x0mz0euezyyww846ufs4znlw9cyx2jams,odinvaloper1wuwhanclwh9ckpe6z6480t3pjjpk7dsj2trk9p,53628000000
odin1l5fl0x0mz0euezyyww846ufs4znlw9cyx2jams,odinvaloper1pcwlans8a2xtfddx04n6vhal5wx8jsvmxean8n,37519215903
odin1nnhlu7j6r4e2efuaydyvdmqs5plp963elt28v7,odinvaloper140l6y2gp3gxvay6qtn70re7z2s0gn57z9yperl,274000000
odin1nnhlu7j6r4e2efuaydyvdmqs5plp963elt28v7,odinvaloper1wuwhanclwh9ckpe6z6480t3pjjpk7dsj2trk9p,228000000
odin1nnhlu7j6r4e2efuaydyvdmqs5plp963elt28v7,odinvaloper1gr249nhe8y8mdls0z82nfkh2a7xwm7xy7f4m03,222477750
odin1nh74xwj357x88fn8hnpa98ll2qsv802kxqanwy,odinvaloper16l94qycfsepcyxsg5ygt3krwrzeepzj380qy8y,10000000000
odin1nh74xwj357x88fn8hnpa98ll2qsv802kxqanwy,odinvaloper1tkv6yfg7ukeea58tf3fyhtmdm2hely8d8hnn2m,6215000000
odin1nh74xwj357x88fn8hnpa98ll2qsv802kxqanwy,odinvaloper103yy6yxn7u3tfs25fr4xt4hyfq9h44ydw98n3z,5250000000
odin1nh74xwj357x88fn8hnpa98ll2qsv802kxqanwy,odinvaloper1ns80t8zh50uelxrjw2ua6lchdym3j6xrgrwxg7,3950000000
odin1ytmwk4qwphevacssnxaq2c773s0smpmrchnmff,odinvaloper14da0ag6pcf7hlgh54unm8udcm8flctna3djra7,10000000
odin1ytmwk4qwphevacssnxaq2c773s0smpmrchnmff,odinvaloper1jj2xx0en2wcs8vj3n4s6lkf8gjqqwtkh8996st,10000000
odin1ytmwk4qwphevacssnxaq2c773s0smpmrchnmff,odinvaloper1s009mue6fg6usnd8dfyvtvcckndtxsxjd5shs7,9000000
odin1m83tqygslcnpfwvwudwjywcy8j0spal558la6s,odinvaloper1evv5y2ake002n9l27t5qhqcwhgwd6up2mpuyj0,12073701508
odin1m83tqygslcnpfwvwudwjywcy8j0spal558la6s,odinvaloper1tkv6yfg7ukeea58tf3fyhtmdm2hely8d8hnn2m,208139594
odin1336tw7zca2xpse22r949xz3p2r2exrlhkuvrya,odinvaloper1ypmlekjd2mhjlh0263wtqjmskz77sclsxchm53,800000000
odin1336tw7zca2xpse22r949xz3p2r2exrlhkuvrya,odinvaloper1fupf80rhes3vu25vgjsk6sp8t68urpldecak8y,289900000
odin1x3pm6mf6867uwdt3755xkxu6n7f3pj9cc9fjvm,odinvaloper1ku6dsk0rh8l0me8j0lkks3sefsr90hd2z8g06e,37500000000
odin1x3pm6mf6867uwdt3755xkxu6n7f3pj9cc9fjvm,odinvaloper1tkv6yfg7ukeea58tf3fyhtmdm2hely8d8hnn2m,22000000000
odin1x3pm6mf6867uwdt3755xkxu6n7f3pj9cc9fjvm,odinvaloper10u2g5yhvtm0d76f860kggp6lakge4q8hj59tn5,8999100000
odin1x3pm6mf6867uwdt3755xkxu6n7f3pj9cc9fjvm,odinvaloper103yy6yxn7u3tfs25fr4xt4hyfq9h44ydw98n3z,1500000000
odin1jp6ma05r6wl0jx3k2xv3vepdfccm72x7uu4txc,odinvaloper1prdr5g0mad8430ru4y0gpttyhhd4pm6yqz686s,2790
odin1jp6ma05r6wl0jx3k2xv3vepdfccm72x7uu4txc,odinvaloper10u2g5yhvtm0d76f860kggp6lakge4q8hj59tn5,0
odin1me4qd0aj275p8hmdaw7jaw8sf2fh9vdfympxw0,odinvaloper18xzaak0mxtzy9dsral8yucpfdak7mhc3ywjapu,200000000000
odin1me4qd0aj275p8hmdaw7jaw8sf2fh9vdfympxw0,odinvaloper1wuwhanclwh9ckpe6z6480t3pjjpk7dsj2trk9p,93000000000
odin1am2z0ed8xucq0cxacck8vqz5zy5ag77rrw7t4t,odinvaloper1gr249nhe8y8mdls0z82nfkh2a7xwm7xy7f4m03,999900
odin1am2z0ed8xucq0cxacck8vqz5zy5ag77rrw7t4t,odinvaloper1tkv6yfg7ukeea58tf3fyhtmdm2hely8d8hnn2m,9349
odin1am2z0ed8xucq0cxacck8vqz5zy5ag77rrw7t4t,odinvaloper1ns80t8zh50uelxrjw2ua6lchdym3j6xrgrwxg7,1687
odin15zv0g0y4652z8vhj0kvx325rea7r2n673g4y2c,odinvaloper1wuwhanclwh9ckpe6z6480t3pjjpk7dsj2trk9p,5185813008
odin15zv0g0y4652z8vhj0kvx325rea7r2n673g4y2c,odinvaloper1phaq5u2xw5489ntchtdd8y4j6a65gfhechmgde,0
odin1sec8pmhv2zs5rmzvtl28fk8m0f99flhcqrjeq2,odinvaloper1tkv6yfg7ukeea58tf3fyhtmdm2hely8d8hnn2m,24635000000
odin1sec8pmhv2zs5rmzvtl28fk8m0f99flhcqrjeq2,odinvaloper140l6y2gp3gxvay6qtn70re7z2s0gn57z9yperl,127000000
odin1u4uke74tkpedvwcf7ghhj0ffyzk2kye4hzv03l,odinvaloper1tkv6yfg7ukeea58tf3fyhtmdm2hely8d8hnn2m,300000000000
odin1u4uke74tkpedvwcf7ghhj0ffyzk2kye4hzv03l,odinvaloper1prdr5g0mad8430ru4y0gpttyhhd4pm6yqz686s,250000000000
odin1u4uke74tkpedvwcf7ghhj0ffyzk2kye4hzv03l,odinvaloper1usa0ldz9lhfd7zf5h93qtzn0st9uqtd949x9ww,100000000000
odin1u5r0j0jytzk2c5z5wswlzy4h385elwwxffst9q,odinvaloper140l6y2gp3gxvay6qtn70re7z2s0gn57z9yperl,211685195
odin1u5r0j0jytzk2c5z5wswlzy4h385elwwxffst9q,odinvaloper1usa0ldz9lhfd7zf5h93qtzn0st9uqtd949x9ww,175675979
odin1u5r0j0jytzk2c5z5wswlzy4h385elwwxffst9q,odinvaloper103yy6yxn7u3tfs25fr4xt4hyfq9h44ydw98n3z,100659263
odin1u5r0j0jytzk2c5z5wswlzy4h385elwwxffst9q,odinvaloper1gr249nhe8y8mdls0z82nfkh2a7xwm7xy7f4m03,50118436
odin1u5r0j0jytzk2c5z5wswlzy4h385elwwxffst9q,odinvaloper1sxvwx7h6wp4hcn3rh2xtl8mv6w0w9mvudd6e3j,33383763
odin1u5r0j0jytzk2c5z5wswlzy4h385elwwxffst9q,odinvaloper1tkv6yfg7ukeea58tf3fyhtmdm2hely8d8hnn2m,30613928
odin1u5r0j0jytzk2c5z5wswlzy4h385elwwxffst9q,odinvaloper1jj2xx0en2wcs8vj3n4s6lkf8gjqqwtkh8996st,23098191
odin1u5r0j0jytzk2c5z5wswlzy4h385elwwxffst9q,odinvaloper12j5xj3dz6vzj4tympst9kmrxpahew0ppu6jhgw,20397130
odin1u5r0j0jytzk2c5z5wswlzy4h385elwwxffst9q,odinvaloper1prdr5g0mad8430ru4y0gpttyhhd4pm6yqz686s,20187242
odin1u5r0j0jytzk2c5z5wswlzy4h385elwwxffst9q,odinvaloper1z2mdr2unlrnqnwzu03ujym078pp8g4wy9k6hqd,10102151
odin1u5r0j0jytzk2c5z5wswlzy4h385elwwxffst9q,odinvaloper1lrdn3s6guqgzfc96kesfk3fg3cufn5jsjg9lxd,10006834
odin1kykrr9f2uw3jxcvs59u8g0guglywlre750klhl,odinvaloper1tkv6yfg7ukeea58tf3fyhtmdm2hely8d8hnn2m,103000000
odin1kykrr9f2uw3jxcvs59u8g0guglywlre750klhl,odinvaloper1wuwhanclwh9ckpe6z6480t3pjjpk7dsj2trk9p,80000000
odin1kykrr9f2uw3jxcvs59u8g0guglywlre750klhl,odinvaloper140l6y2gp3gxvay6qtn70re7z2s0gn57z9yperl,100000
odin1npzj02hnf88up30lszgmmxzfjq9rrjaleyvupa,odinvaloper1weryas9wx2saawjuefxtkxt0ayv9956ytmls6h,800000000
odin1npzj02hnf88up30lszgmmxzfjq9rrjaleyvupa,odinvaloper12hpn6mxulk8gt9zu0hs5lv20y666gmuszjfy3h,800000000
odin1npzj02hnf88up30lszgmmxzfjq9rrjaleyvupa,odinvaloper1k4uuv8aanj3ejs0qhqmsax9d6lzmp0plz4zxu7,800000000
odin1npzj02hnf88up30lszgmmxzfjq9rrjaleyvupa,odinvaloper1ypmlekjd2mhjlh0263wtqjmskz77sclsxchm53,500000000
odin1npzj02hnf88up30lszgmmxzfjq9rrjaleyvupa,odinvaloper1pcwlans8a2xtfddx04n6vhal5wx8jsvmxean8n,497551980
odin1y0u8tg6zqahzwc70kmuzxaj7fp3wxmvc9xsq4t,odinvaloper1weryas9wx2saawjuefxtkxt0ayv9956ytmls6h,821909755
odin1y0u8tg6zqahzwc70kmuzxaj7fp3wxmvc9xsq4t,odinvaloper1k4uuv8aanj3ejs0qhqmsax9d6lzmp0plz4zxu7,239903120
odin1l689d7v7ffjtsjzmj2clax86qxan0fjhdm8t9r,odinvaloper1weryas9wx2saawjuefxtkxt0ayv9956ytmls6h,11009000000
odin1l689d7v7ffjtsjzmj2clax86qxan0fjhdm8t9r,odinvaloper1tkv6yfg7ukeea58tf3fyhtmdm2hely8d8hnn2m,11000000000
odin13ayecgdt7qz554eunlq3sk6rlrjthjy5sl8mga,odinvaloper1tkv6yfg7ukeea58tf3fyhtmdm2hely8d8hnn2m,12000000000
odin13ayecgdt7qz554eunlq3sk6rlrjthjy5sl8mga,odinvaloper16l94qycfsepcyxsg5ygt3krwrzeepzj380qy8y,1200000000
odin106h5juhmegsnr4sr5ukpg23ha3z7m4z60q35xj,odinvaloper1usa0ldz9lhfd7zf5h93qtzn0st9uqtd949x9ww,500000000
odin106h5juhmegsnr4sr5ukpg23ha3z7m4z60q35xj,odinvaloper1tkv6yfg7ukeea58tf3fyhtmdm2hely8d8hnn2m,500000000
odin106h5juhmegsnr4sr5ukpg23ha3z7m4z60q35xj,odinvaloper18xzaak0mxtzy9dsral8yucpfdak7mhc3ywjapu,500000000
odin106h5juhmegsnr4sr5ukpg23ha3z7m4z60q35xj,odinvaloper1ns80t8zh50uelxrjw2ua6lchdym3j6xrgrwxg7,500000000
odin122hjrmj8k2f0lc0m8nepdysgx9f2gan27gjrty,odinvaloper1prdr5g0mad8430ru4y0gpttyhhd4pm6yqz686s,17875000
odin122hjrmj8k2f0lc0m8nepdysgx9f2gan27gjrty,odinvaloper1sxvwx7h6wp4hcn3rh2xtl8mv6w0w9mvudd6e3j,5250000
odin122hjrmj8k2f0lc0m8nepdysgx9f2gan27gjrty,odinvaloper1jj2xx0en2wcs8vj3n4s6lkf8gjqqwtkh8996st,2245000
odin122hjrmj8k2f0lc0m8nepdysgx9f2gan27gjrty,odinvaloper1wuwhanclwh9ckpe6z6480t3pjjpk7dsj2trk9p,1965000
odin122hjrmj8k2f0lc0m8nepdysgx9f2gan27gjrty,odinvaloper1usa0ldz9lhfd7zf5h93qtzn0st9uqtd949x9ww,500000
odin122hjrmj8k2f0lc0m8nepdysgx9f2gan27gjrty,odinvaloper1ku6dsk0rh8l0me8j0lkks3sefsr90hd2z8g06e,333700
odin122hjrmj8k2f0lc0m8nepdysgx9f2gan27gjrty,odinvaloper1pcwlans8a2xtfddx04n6vhal5wx8jsvmxean8n,100000
odin1clec6nh2cw4df3eew4jzssq859w9rpg2dr5hch,odinvaloper16l94qycfsepcyxsg5ygt3krwrzeepzj380qy8y,1283010680
odin1clec6nh2cw4df3eew4jzssq859w9rpg2dr5hch,odinvaloper1ns80t8zh50uelxrjw2ua6lchdym3j6xrgrwxg7,1099950000
odin1clec6nh2cw4df3eew4jzssq859w9rpg2dr5hch,odinvaloper1tkv6yfg7ukeea58tf3fyhtmdm2hely8d8hnn2m,800000000
odin1clec6nh2cw4df3eew4jzssq859w9rpg2dr5hch,odinvaloper1pjcyssl7ewhtlp4dqn596hu3gr7xs9su2z67tp,645956777
odin1clec6nh2cw4df3eew4jzssq859w9rpg2dr5hch,odinvaloper12j5xj3dz6vzj4tympst9kmrxpahew0ppu6jhgw,360795864
odin1clec6nh2cw4df3eew4jzssq859w9rpg2dr5hch,odinvaloper1ku6dsk0rh8l0me8j0lkks3sefsr90hd2z8g06e,195256636
odin1clec6nh2cw4df3eew4jzssq859w9rpg2dr5hch,odinvaloper140l6y2gp3gxvay6qtn70re7z2s0gn57z9yperl,154645385
odin1clec6nh2cw4df3eew4jzssq859w9rpg2dr5hch,odinvaloper1s009mue6fg6usnd8dfyvtvcckndtxsxjd5shs7,133687761
odin1mf7wu6alar2z7drz9ez5lsy56e3xjeex28hr43,odinvaloper1agc625vf57femlvg7aupvuje8v73swlmv6watw,270000000
odin1mf7wu6alar2z7drz9ez5lsy56e3xjeex28hr43,odinvaloper1usa0ldz9lhfd7zf5h93qtzn0st9uqtd949x9ww,250000000
odin1mf7wu6alar2z7drz9ez5lsy56e3xjeex28hr43,odinvaloper140l6y2gp3gxvay6qtn70re7z2s0gn57z9yperl,198000000
odin1gzlkd2wgg0kaf66azkpacg6vtlcy25f7z0nzxg,odinvaloper10u2g5yhvtm0d76f860kggp6lakge4q8hj59tn5,4999600000
odin1gzlkd2wgg0kaf66azkpacg6vtlcy25f7z0nzxg,odinvaloper19mhtrvu5tzfr0mdyjnejggltjah803yzgltu88,3799999999
odin1gzlkd2wgg0kaf66azkpacg6vtlcy25f7z0nzxg,odinvaloper1phaq5u2xw5489ntchtdd8y4j6a65gfhechmgde,3663367227
odin1gzlkd2wgg0kaf66azkpacg6vtlcy25f7z0nzxg,odinvaloper1ns80t8zh50uelxrjw2ua6lchdym3j6xrgrwxg7,2514000000
odin1gzlkd2wgg0kaf66azkpacg6vtlcy25f7z0nzxg,odinvaloper16l94qycfsepcyxsg5ygt3krwrzeepzj380qy8y,2000000000
odin1gzlkd2wgg0kaf66azkpacg6vtlcy25f7z0nzxg,odinvaloper1s009mue6fg6usnd8dfyvtvcckndtxsxjd5shs7,1998000000
odin1gzlkd2wgg0kaf66azkpacg6vtlcy25f7z0nzxg,odinvaloper1hz4ec0y6unshsfdwk2qj3dm3htky8yez486u25,1000000000
odin1xwnndwmczx3ytsv94pt6h5xhfhelpvszan38fq,odinvaloper1s009mue6fg6usnd8dfyvtvcckndtxsxjd5shs7,2500000000
odin1xwnndwmczx3ytsv94pt6h5xhfhelpvszan38fq,odinvaloper1wuwhanclwh9ckpe6z6480t3pjjpk7dsj2trk9p,2500000000
odin1xwnndwmczx3ytsv94pt6h5xhfhelpvszan38fq,odinvaloper1tkv6yfg7ukeea58tf3fyhtmdm2hely8d8hnn2m,2499750003
odin1xwnndwmczx3ytsv94pt6h5xhfhelpvszan38fq,odinvaloper10u2g5yhvtm0d76f860kggp6lakge4q8hj59tn5,2499750000
odin1xwnndwmczx3ytsv94pt6h5xhfhelpvszan38fq,odinvaloper1ns80t8zh50uelxrjw2ua6lchdym3j6xrgrwxg7,2375000393
odin1z7eav6qqa90fqwh6pgrchx7cpj9gz96jeslm4n,odinvaloper1pfs42htt5w4d65rjt9cs283c2sre4tf3t4sfl7,1290674000
odin1z7eav6qqa90fqwh6pgrchx7cpj9gz96jeslm4n,odinvaloper1s009mue6fg6usnd8dfyvtvcckndtxsxjd5shs7,1250000000
odin1z7eav6qqa90fqwh6pgrchx7cpj9gz96jeslm4n,odinvaloper16l94qycfsepcyxsg5ygt3krwrzeepzj380qy8y,1200000000
odin1es2xrnjud7a0l9gw6lmluz3t2tf99zel08qcl7,odinvaloper1tkv6yfg7ukeea58tf3fyhtmdm2hely8d8hnn2m,5987000000
odin1es2xrnjud7a0l9gw6lmluz3t2tf99zel08qcl7,odinvaloper1pfs42htt5w4d65rjt9cs283c2sre4tf3t4sfl7,549000000
odin1es2xrnjud7a0l9gw6lmluz3t2tf99zel08qcl7,odinvaloper1pcwlans8a2xtfddx04n6vhal5wx8jsvmxean8n,561419
odin1f08feulcjkpvdthchmrx5rrg6ystxwpzh79umg,odinvaloper1tkv6yfg7ukeea58tf3fyhtmdm2hely8d8hnn2m,8014205609
odin1f08feulcjkpvdthchmrx5rrg6ystxwpzh79umg,odinvaloper103yy6yxn7u3tfs25fr4xt4hyfq9h44ydw98n3z,7195000000
odin1j3jq465aqsn8r600a2prj4vrp0pfzdhrmmjucs,odinvaloper1tkv6yfg7ukeea58tf3fyhtmdm2hely8d8hnn2m,44000000
odin1j3jq465aqsn8r600a2prj4vrp0pfzdhrmmjucs,odinvaloper1prdr5g0mad8430ru4y0gpttyhhd4pm6yqz686s,44000000
odin1j3jq465aqsn8r600a2prj4vrp0pfzdhrmmjucs,odinvaloper1sxvwx7h6wp4hcn3rh2xtl8mv6w0w9mvudd6e3j,33000000
odin1j3jq465aqsn8r600a2prj4vrp0pfzdhrmmjucs,odinvaloper1usa0ldz9lhfd7zf5h93qtzn0st9uqtd949x9ww,33000000
odin1xecaqps7memq5l5z546slk93zhxnx5dqhfcxck,odinvaloper1svt6pg0p9qnsd2vjx062yt2843nnvtxcsu4kzj,22000000
odin1xecaqps7memq5l5z546slk93zhxnx5dqhfcxck,odinvaloper1tkv6yfg7ukeea58tf3fyhtmdm2hely8d8hnn2m,22000000
odin1xecaqps7memq5l5z546slk93zhxnx5dqhfcxck,odinvaloper12hpn6mxulk8gt9zu0hs5lv20y666gmuszjfy3h,1000000
odin1xecaqps7memq5l5z546slk93zhxnx5dqhfcxck,odinvaloper1weryas9wx2saawjuefxtkxt0ayv9956ytmls6h,1000000
odin1xecaqps7memq5l5z546slk93zhxnx5dqhfcxck,odinvaloper1ypmlekjd2mhjlh0263wtqjmskz77sclsxchm53,1000000
odin1xecaqps7memq5l5z546slk93zhxnx5dqhfcxck,odinvaloper1k4uuv8aanj3ejs0qhqmsax9d6lzmp0plz4zxu7,1000000
odin1hh687mkyejjs0tqmkr6e7drna9vqwldnjfpew0,odinvaloper10u2g5yhvtm0d76f860kggp6lakge4q8hj59tn5,1204898120
odin1hh687mkyejjs0tqmkr6e7drna9vqwldnjfpew0,odinvaloper1ns80t8zh50uelxrjw2ua6lchdym3j6xrgrwxg7,1203400000
odin1hh687mkyejjs0tqmkr6e7drna9vqwldnjfpew0,odinvaloper1tkv6yfg7ukeea58tf3fyhtmdm2hely8d8hnn2m,1201950000
odin1rs8ag8xqsyzlymt5599rl4a8kmqtt3nctqv9yy,odinvaloper1svt6pg0p9qnsd2vjx062yt2843nnvtxcsu4kzj,400000000
odin1rs8ag8xqsyzlymt5599rl4a8kmqtt3nctqv9yy,odinvaloper18xzaak0mxtzy9dsral8yucpfdak7mhc3ywjapu,100000000
odin1e2h92rpz4vwthzss79k0hta8mgtk65h4wdllfq,odinvaloper1svt6pg0p9qnsd2vjx062yt2843nnvtxcsu4kzj,29000000
odin1e2h92rpz4vwthzss79k0hta8mgtk65h4wdllfq,odinvaloper1tkv6yfg7ukeea58tf3fyhtmdm2hely8d8hnn2m,20000000
odin15hr8840fk426xhh4x6v4lh5a5uyahqa7vzhfn4,odinvaloper103yy6yxn7u3tfs25fr4xt4hyfq9h44ydw98n3z,1065000000
odin15hr8840fk426xhh4x6v4lh5a5uyahqa7vzhfn4,odinvaloper1pcwlans8a2xtfddx04n6vhal5wx8jsvmxean8n,159856057
odin1u5v3pkvueyq2g984f4fmksv36tkch66n2zj6q7,odinvaloper1ns80t8zh50uelxrjw2ua6lchdym3j6xrgrwxg7,322000000
odin1u5v3pkvueyq2g984f4fmksv36tkch66n2zj6q7,odinvaloper1ypmlekjd2mhjlh0263wtqjmskz77sclsxchm53,266101778
odin15a434j55nj6mejw4syflw8q20nyz9epasnatkv,odinvaloper1tkv6yfg7ukeea58tf3fyhtmdm2hely8d8hnn2m,21460000000
odin15a434j55nj6mejw4syflw8q20nyz9epasnatkv,odinvaloper103yy6yxn7u3tfs25fr4xt4hyfq9h44ydw98n3z,1140000000
odin1n7evdg0hq4jmmucu0h9n74mdjhr3uee949lfem,odinvaloper1tkv6yfg7ukeea58tf3fyhtmdm2hely8d8hnn2m,14222000000
odin1n7evdg0hq4jmmucu0h9n74mdjhr3uee949lfem,odinvaloper1prdr5g0mad8430ru4y0gpttyhhd4pm6yqz686s,673000000
odin1nd86lwg7se890hau65eeq6ru9cxunc53zav0uh,odinvaloper1tkv6yfg7ukeea58tf3fyhtmdm2hely8d8hnn2m,37511622
odin1nd86lwg7se890hau65eeq6ru9cxunc53zav0uh,odinvaloper103yy6yxn7u3tfs25fr4xt4hyfq9h44ydw98n3z,37277117
odin1mcxmcdlet6y0652692d933kzw30wvenaatjqfv,odinvaloper1ns80t8zh50uelxrjw2ua6lchdym3j6xrgrwxg7,1896000000
odin1mcxmcdlet6y0652692d933kzw30wvenaatjqfv,odinvaloper1pcwlans8a2xtfddx04n6vhal5wx8jsvmxean8n,835167
odin1ng7nu0yqg4vl747khhez4j383d8e9ehhp45u6j,odinvaloper1tkv6yfg7ukeea58tf3fyhtmdm2hely8d8hnn2m,666074
odin1ng7nu0yqg4vl747khhez4j383d8e9ehhp45u6j,odinvaloper1pcwlans8a2xtfddx04n6vhal5wx8jsvmxean8n,0
odin1nkx2vltkhmc7gmv4m8q6pnn2an8n9x2t8c2cpx,odinvaloper10u2g5yhvtm0d76f860kggp6lakge4q8hj59tn5,21280873
odin1nkx2vltkhmc7gmv4m8q6pnn2an8n9x2t8c2cpx,odinvaloper1usa0ldz9lhfd7zf5h93qtzn0st9uqtd949x9ww,6610000
odin16fc30wdutyrasfswykfhutekem7l9g097c9l9h,odinvaloper1tkv6yfg7ukeea58tf3fyhtmdm2hely8d8hnn2m,9999
odin16fc30wdutyrasfswykfhutekem7l9g097c9l9h,odinvaloper10u2g5yhvtm0d76f860kggp6lakge4q8hj59tn5,6750
odin16fc30wdutyrasfswykfhutekem7l9g097c9l9h,odinvaloper1phaq5u2xw5489ntchtdd8y4j6a65gfhechmgde,0
odin1krkj6fl03cxg6pcadmp5m8p3dvzuek2jnwy680,odinvaloper1ku6dsk0rh8l0me8j0lkks3sefsr90hd2z8g06e,5094502303
odin1krkj6fl03cxg6pcadmp5m8p3dvzuek2jnwy680,odinvaloper1tkv6yfg7ukeea58tf3fyhtmdm2hely8d8hnn2m,2476231946
odin1krkj6fl03cxg6pcadmp5m8p3dvzuek2jnwy680,odinvaloper10u2g5yhvtm0d76f860kggp6lakge4q8hj59tn5,2255272977
odin1krkj6fl03cxg6pcadmp5m8p3dvzuek2jnwy680,odinvaloper103yy6yxn7u3tfs25fr4xt4hyfq9h44ydw98n3z,800000000
odin1krkj6fl03cxg6pcadmp5m8p3dvzuek2jnwy680,odinvaloper18xzaak0mxtzy9dsral8yucpfdak7mhc3ywjapu,200000000
odin1s7j0tc7p7s5sy7ce2vks06plgr75g2tuspyjsl,odinvaloper18xzaak0mxtzy9dsral8yucpfdak7mhc3ywjapu,300000000
odin1s7j0tc7p7s5sy7ce2vks06plgr75g2tuspyjsl,odinvaloper1prdr5g0mad8430ru4y0gpttyhhd4pm6yqz686s,200000000
odin1u427a3nd6ghmnnc7emayrx7zvmedmxlqq6z054,odinvaloper1hz4ec0y6unshsfdwk2qj3dm3htky8yez486u25,895547
odin1u427a3nd6ghmnnc7emayrx7zvmedmxlqq6z054,odinvaloper1tkv6yfg7ukeea58tf3fyhtmdm2hely8d8hnn2m,7344
odin1u427a3nd6ghmnnc7emayrx7zvmedmxlqq6z054,odinvaloper10u2g5yhvtm0d76f860kggp6lakge4q8hj59tn5,2731
odin1u427a3nd6ghmnnc7emayrx7zvmedmxlqq6z054,odinvaloper103yy6yxn7u3tfs25fr4xt4hyfq9h44ydw98n3z,1276
odin1u427a3nd6ghmnnc7emayrx7zvmedmxlqq6z054,odinvaloper1ns80t8zh50uelxrjw2ua6lchdym3j6xrgrwxg7,1005
odin1qqzs83d0nwlq0nhxztlely3qmr7x5wn8uv925e,odinvaloper1ypmlekjd2mhjlh0263wtqjmskz77sclsxchm53,9014007671
odin1qqzs83d0nwlq0nhxztlely3qmr7x5wn8uv925e,odinvaloper12hpn6mxulk8gt9zu0hs5lv20y666gmuszjfy3h,8617063048
odin1qqzs83d0nwlq0nhxztlely3qmr7x5wn8uv925e,odinvaloper1weryas9wx2saawjuefxtkxt0ayv9956ytmls6h,8403101479
odin175swzkpwlylcxwduazdxs58v3cyxnzrdkyr8vf,odinvaloper1tkv6yfg7ukeea58tf3fyhtmdm2hely8d8hnn2m,45000000000
odin175swzkpwlylcxwduazdxs58v3cyxnzrdkyr8vf,odinvaloper10u2g5yhvtm0d76f860kggp6lakge4q8hj59tn5,26700000000
odin175swzkpwlylcxwduazdxs58v3cyxnzrdkyr8vf,odinvaloper1k4uuv8aanj3ejs0qhqmsax9d6lzmp0plz4zxu7,14999999999
odin13epnue9hlflgf5cjdw7d4lkdkczj4qwyd2xcp4,odinvaloper1ku6dsk0rh8l0me8j0lkks3sefsr90hd2z8g06e,1
odin13epnue9hlflgf5cjdw7d4lkdkczj4qwyd2xcp4,odinvaloper12hpn6mxulk8gt9zu0hs5lv20y666gmuszjfy3h,1
odin1vt5pau84r5k9ceyec8yvd755fem2xmwqxd46ma,odinvaloper1tkv6yfg7ukeea58tf3fyhtmdm2hely8d8hnn2m,46000000
odin1vt5pau84r5k9ceyec8yvd755fem2xmwqxd46ma,odinvaloper1prdr5g0mad8430ru4y0gpttyhhd4pm6yqz686s,42000000
odin1yuqpm2jgwvqenkds2ypjwa52crssll9dzhpmfx,odinvaloper16l94qycfsepcyxsg5ygt3krwrzeepzj380qy8y,400000000
odin1yuqpm2jgwvqenkds2ypjwa52crssll9dzhpmfx,odinvaloper12j5xj3dz6vzj4tympst9kmrxpahew0ppu6jhgw,400000000
odin1x734td6ehd3jmqh7ym42ngf037xx8vcfmtg5cw,odinvaloper1pcwlans8a2xtfddx04n6vhal5wx8jsvmxean8n,5530999999
odin1x734td6ehd3jmqh7ym42ngf037xx8vcfmtg5cw,odinvaloper1jj2xx0en2wcs8vj3n4s6lkf8gjqqwtkh8996st,1000000
odin12fpjt0lne3ew76p68vkdpf6pczv83h7q4kc37r,odinvaloper10u2g5yhvtm0d76f860kggp6lakge4q8hj59tn5,4033765000
odin12fpjt0lne3ew76p68vkdpf6pczv83h7q4kc37r,odinvaloper19mhtrvu5tzfr0mdyjnejggltjah803yzgltu88,1913629999
odin1nux570l354h8m35uz2su30zjazwckj37mgh4wy,odinvaloper1ns80t8zh50uelxrjw2ua6lchdym3j6xrgrwxg7,3500000000
odin1nux570l354h8m35uz2su30zjazwckj37mgh4wy,odinvaloper1tkv6yfg7ukeea58tf3fyhtmdm2hely8d8hnn2m,2065000000
odin1nux570l354h8m35uz2su30zjazwckj37mgh4wy,odinvaloper103yy6yxn7u3tfs25fr4xt4hyfq9h44ydw98n3z,872450000
odin12tphd46kak69mxa72vkyrpwg27sl7tnrvsy47e,odinvaloper10u2g5yhvtm0d76f860kggp6lakge4q8hj59tn5,147600000001
odin12tphd46kak69mxa72vkyrpwg27sl7tnrvsy47e,odinvaloper1tkv6yfg7ukeea58tf3fyhtmdm2hely8d8hnn2m,50000
odin1s47d4j4swvzua90aatghtqg490702wpnq4eled,odinvaloper1tkv6yfg7ukeea58tf3fyhtmdm2hely8d8hnn2m,3673850000
odin1s47d4j4swvzua90aatghtqg490702wpnq4eled,odinvaloper1ns80t8zh50uelxrjw2ua6lchdym3j6xrgrwxg7,439400000
odin1s47d4j4swvzua90aatghtqg490702wpnq4eled,odinvaloper18xzaak0mxtzy9dsral8yucpfdak7mhc3ywjapu,287000000
odin1s47d4j4swvzua90aatghtqg490702wpnq4eled,odinvaloper1ypmlekjd2mhjlh0263wtqjmskz77sclsxchm53,11450000
odin1s47d4j4swvzua90aatghtqg490702wpnq4eled,odinvaloper10u2g5yhvtm0d76f860kggp6lakge4q8hj59tn5,2710
odin1eg7fv5fu3g579hs6g8c378uc0cjkq87yahe9s2,odinvaloper1tkv6yfg7ukeea58tf3fyhtmdm2hely8d8hnn2m,24335000159
odin1eg7fv5fu3g579hs6g8c378uc0cjkq87yahe9s2,odinvaloper1dtjflhhejdnw6frxqqwczpttt8jr3p7qf0el0v,105000000
odin1v50hjjy3p8rcmrss4es2apzarufsdafl6kfyzv,odinvaloper1evv5y2ake002n9l27t5qhqcwhgwd6up2mpuyj0,39999999
odin1v50hjjy3p8rcmrss4es2apzarufsdafl6kfyzv,odinvaloper1pcwlans8a2xtfddx04n6vhal5wx8jsvmxean8n,211
odin13jgurnd72ftvy79tjtl3s8e6xvsuupwreft506,odinvaloper1pjcyssl7ewhtlp4dqn596hu3gr7xs9su2z67tp,3100000000000
odin13jgurnd72ftvy79tjtl3s8e6xvsuupwreft506,odinvaloper103yy6yxn7u3tfs25fr4xt4hyfq9h44ydw98n3z,2000000000000
odin13jgurnd72ftvy79tjtl3s8e6xvsuupwreft506,odinvaloper140l6y2gp3gxvay6qtn70re7z2s0gn57z9yperl,1800000000000
odin13jgurnd72ftvy79tjtl3s8e6xvsuupwreft506,odinvaloper12j5xj3dz6vzj4tympst9kmrxpahew0ppu6jhgw,1400000000000
odin13jgurnd72ftvy79tjtl3s8e6xvsuupwreft506,odinvaloper1tkv6yfg7ukeea58tf3fyhtmdm2hely8d8hnn2m,1000000000000
odin13jgurnd72ftvy79tjtl3s8e6xvsuupwreft506,odinvaloper1ns80t8zh50uelxrjw2ua6lchdym3j6xrgrwxg7,1000000000000
odin13jgurnd72ftvy79tjtl3s8e6xvsuupwreft506,odinvaloper18xzaak0mxtzy9dsral8yucpfdak7mhc3ywjapu,1000000000000
odin13jgurnd72ftvy79tjtl3s8e6xvsuupwreft506,odinvaloper1svt6pg0p9qnsd2vjx062yt2843nnvtxcsu4kzj,900000000000
odin13jgurnd72ftvy79tjtl3s8e6xvsuupwreft506,odinvaloper1pfs42htt5w4d65rjt9cs283c2sre4tf3t4sfl7,742500023612
odin13jgurnd72ftvy79tjtl3s8e6xvsuupwreft506,odinvaloper1wuwhanclwh9ckpe6z6480t3pjjpk7dsj2trk9p,550000000000
odin13jgurnd72ftvy79tjtl3s8e6xvsuupwreft506,odinvaloper19mhtrvu5tzfr0mdyjnejggltjah803yzgltu88,500000000000
odin13jgurnd72ftvy79tjtl3s8e6xvsuupwreft506,odinvaloper16l94qycfsepcyxsg5ygt3krwrzeepzj380qy8y,300000000000
odin13jgurnd72ftvy79tjtl3s8e6xvsuupwreft506,odinvaloper12hpn6mxulk8gt9zu0hs5lv20y666gmuszjfy3h,250001000000
odin13jgurnd72ftvy79tjtl3s8e6xvsuupwreft506,odinvaloper1weryas9wx2saawjuefxtkxt0ayv9956ytmls6h,250000000000
odin13jgurnd72ftvy79tjtl3s8e6xvsuupwreft506,odinvaloper1ypmlekjd2mhjlh0263wtqjmskz77sclsxchm53,250000000000
odin13jgurnd72ftvy79tjtl3s8e6xvsuupwreft506,odinvaloper1k4uuv8aanj3ejs0qhqmsax9d6lzmp0plz4zxu7,249999000000
odin13jgurnd72ftvy79tjtl3s8e6xvsuupwreft506,odinvaloper1phaq5u2xw5489ntchtdd8y4j6a65gfhechmgde,249950002572
odin13jgurnd72ftvy79tjtl3s8e6xvsuupwreft506,odinvaloper14da0ag6pcf7hlgh54unm8udcm8flctna3djra7,200000000000
odin13jgurnd72ftvy79tjtl3s8e6xvsuupwreft506,odinvaloper1hz4ec0y6unshsfdwk2qj3dm3htky8yez486u25,200000000000
odin13jgurnd72ftvy79tjtl3s8e6xvsuupwreft506,odinvaloper1usa0ldz9lhfd7zf5h93qtzn0st9uqtd949x9ww,200000000000
odin13jgurnd72ftvy79tjtl3s8e6xvsuupwreft506,odinvaloper10p5ry5ws70jfn62fjw3pa6nfxrut5p2ct3akjw,200000000000
odin13jgurnd72ftvy79tjtl3s8e6xvsuupwreft506,odinvaloper10u2g5yhvtm0d76f860kggp6lakge4q8hj59tn5,199980000006
odin13jgurnd72ftvy79tjtl3s8e6xvsuupwreft506,odinvaloper1fupf80rhes3vu25vgjsk6sp8t68urpldecak8y,100000000000
odin13jgurnd72ftvy79tjtl3s8e6xvsuupwreft506,odinvaloper1x7s0jhpx8zjtcj93wsnt879muwh0hqeszp278y,100000000000
odin16ay0lmtn0r9qzqprrh3ga5ydv65khddpw2k2eu,odinvaloper1tkv6yfg7ukeea58tf3fyhtmdm2hely8d8hnn2m,5330000000
odin16ay0lmtn0r9qzqprrh3ga5ydv65khddpw2k2eu,odinvaloper103yy6yxn7u3tfs25fr4xt4hyfq9h44ydw98n3z,4500000000
odin1r8646qs0x63q4szsmkck6hh303rqf3gz6vhk6f,odinvaloper12hpn6mxulk8gt9zu0hs5lv20y666gmuszjfy3h,1000000000
odin1r8646qs0x63q4szsmkck6hh303rqf3gz6vhk6f,odinvaloper1weryas9wx2saawjuefxtkxt0ayv9956ytmls6h,101000000
odin10c9zjk4vkhkqr3h50a74ehkgtswknk8a0l4jtf,odinvaloper1tkv6yfg7ukeea58tf3fyhtmdm2hely8d8hnn2m,10979000000
odin10c9zjk4vkhkqr3h50a74ehkgtswknk8a0l4jtf,odinvaloper103yy6yxn7u3tfs25fr4xt4hyfq9h44ydw98n3z,5000000000
odin10c9zjk4vkhkqr3h50a74ehkgtswknk8a0l4jtf,odinvaloper12j5xj3dz6vzj4tympst9kmrxpahew0ppu6jhgw,4225000000
odin1fsgfsyq34e2kzm43898u009n89cgu44xcxdyyt,odinvaloper1tkv6yfg7ukeea58tf3fyhtmdm2hely8d8hnn2m,3022000000
odin1fsgfsyq34e2kzm43898u009n89cgu44xcxdyyt,odinvaloper1ns80t8zh50uelxrjw2ua6lchdym3j6xrgrwxg7,2000000000
odin1fsgfsyq34e2kzm43898u009n89cgu44xcxdyyt,odinvaloper103yy6yxn7u3tfs25fr4xt4hyfq9h44ydw98n3z,2000000000
odin1fsgfsyq34e2kzm43898u009n89cgu44xcxdyyt,odinvaloper12j5xj3dz6vzj4tympst9kmrxpahew0ppu6jhgw,2000000000
odin17sw35humep88cmeswdyxx5axc2uzct0ltclz4v,odinvaloper1tkv6yfg7ukeea58tf3fyhtmdm2hely8d8hnn2m,5687948101
odin17sw35humep88cmeswdyxx5axc2uzct0ltclz4v,odinvaloper1ns80t8zh50uelxrjw2ua6lchdym3j6xrgrwxg7,4348
odin1vwrf4xak0jek09f7wshcap9ysu52m346axvpc7,odinvaloper1usa0ldz9lhfd7zf5h93qtzn0st9uqtd949x9ww,1100000000
odin1vwrf4xak0jek09f7wshcap9ysu52m346axvpc7,odinvaloper1svt6pg0p9qnsd2vjx062yt2843nnvtxcsu4kzj,1000000000
odin1vwrf4xak0jek09f7wshcap9ysu52m346axvpc7,odinvaloper1pfs42htt5w4d65rjt9cs283c2sre4tf3t4sfl7,1000000000
odin1vwrf4xak0jek09f7wshcap9ysu52m346axvpc7,odinvaloper1s009mue6fg6usnd8dfyvtvcckndtxsxjd5shs7,1000000000
odin1vwrf4xak0jek09f7wshcap9ysu52m346axvpc7,odinvaloper1wuwhanclwh9ckpe6z6480t3pjjpk7dsj2trk9p,700000000
odin19w4vj94s58zthev6xe860c5ewya59kw7sug8pd,odinvaloper1tkv6yfg7ukeea58tf3fyhtmdm2hely8d8hnn2m,13100988679
odin19w4vj94s58zthev6xe860c5ewya59kw7sug8pd,odinvaloper103yy6yxn7u3tfs25fr4xt4hyfq9h44ydw98n3z,700000000
odin15ej4qax4eqd2tsst7vzv6l5x8uja9jfmnxptee,odinvaloper1ns80t8zh50uelxrjw2ua6lchdym3j6xrgrwxg7,3404797797
odin15ej4qax4eqd2tsst7vzv6l5x8uja9jfmnxptee,odinvaloper1ku6dsk0rh8l0me8j0lkks3sefsr90hd2z8g06e,3337402564
odin15ej4qax4eqd2tsst7vzv6l5x8uja9jfmnxptee,odinvaloper1tkv6yfg7ukeea58tf3fyhtmdm2hely8d8hnn2m,3257999999
odin15ej4qax4eqd2tsst7vzv6l5x8uja9jfmnxptee,odinvaloper10u2g5yhvtm0d76f860kggp6lakge4q8hj59tn5,0
odin1xssqr76amz0feeveux05fg9a9pxqjx6r32dzju,odinvaloper1usa0ldz9lhfd7zf5h93qtzn0st9uqtd949x9ww,10000000000
odin1xssqr76amz0feeveux05fg9a9pxqjx6r32dzju,odinvaloper14da0ag6pcf7hlgh54unm8udcm8flctna3djra7,7288600000
odin1xssqr76amz0feeveux05fg9a9pxqjx6r32dzju,odinvaloper1phaq5u2xw5489ntchtdd8y4j6a65gfhechmgde,5207573755
odin1xssqr76amz0feeveux05fg9a9pxqjx6r32dzju,odinvaloper1ns80t8zh50uelxrjw2ua6lchdym3j6xrgrwxg7,5119497097
odin1xssqr76amz0feeveux05fg9a9pxqjx6r32dzju,odinvaloper1jj2xx0en2wcs8vj3n4s6lkf8gjqqwtkh8996st,139357
odin1ehh85qr4yj893kmqpuyqztdlpve6lvp4tkejnw,odinvaloper1ns80t8zh50uelxrjw2ua6lchdym3j6xrgrwxg7,10000000
odin1ehh85qr4yj893kmqpuyqztdlpve6lvp4tkejnw,odinvaloper1tkv6yfg7ukeea58tf3fyhtmdm2hely8d8hnn2m,1000000
odin1ynu6pedwy0mqv8hcnpsh2a7pdxxyud35xylknx,odinvaloper1prdr5g0mad8430ru4y0gpttyhhd4pm6yqz686s,3000000
odin1ynu6pedwy0mqv8hcnpsh2a7pdxxyud35xylknx,odinvaloper1ku6dsk0rh8l0me8j0lkks3sefsr90hd2z8g06e,1000000
odin1xjvhpmflhue38mc8j75gqj2h0fds9guxvzx5c2,odinvaloper1tkv6yfg7ukeea58tf3fyhtmdm2hely8d8hnn2m,3550003000
odin1xjvhpmflhue38mc8j75gqj2h0fds9guxvzx5c2,odinvaloper1ns80t8zh50uelxrjw2ua6lchdym3j6xrgrwxg7,181000000
odin1xjvhpmflhue38mc8j75gqj2h0fds9guxvzx5c2,odinvaloper1pcwlans8a2xtfddx04n6vhal5wx8jsvmxean8n,2997
odin189psxs56n9xjlxrfn2cjv70dx0x64rgvfsqx6r,odinvaloper1ku6dsk0rh8l0me8j0lkks3sefsr90hd2z8g06e,4000000
odin189psxs56n9xjlxrfn2cjv70dx0x64rgvfsqx6r,odinvaloper1ns80t8zh50uelxrjw2ua6lchdym3j6xrgrwxg7,2000000
odin13xe4wmn3vqrqskauz9du9hhyt3skr3vgmf5khj,odinvaloper12j5xj3dz6vzj4tympst9kmrxpahew0ppu6jhgw,321600000
odin13xe4wmn3vqrqskauz9du9hhyt3skr3vgmf5khj,odinvaloper19mhtrvu5tzfr0mdyjnejggltjah803yzgltu88,19
odin1szwa0029n2shvw5fmqp843qfg42wd47kfk3vk6,odinvaloper1ns80t8zh50uelxrjw2ua6lchdym3j6xrgrwxg7,104189999
odin1szwa0029n2shvw5fmqp843qfg42wd47kfk3vk6,odinvaloper1agc625vf57femlvg7aupvuje8v73swlmv6watw,100000000
odin1szwa0029n2shvw5fmqp843qfg42wd47kfk3vk6,odinvaloper1prdr5g0mad8430ru4y0gpttyhhd4pm6yqz686s,70000000
odin1szwa0029n2shvw5fmqp843qfg42wd47kfk3vk6,odinvaloper1tkv6yfg7ukeea58tf3fyhtmdm2hely8d8hnn2m,10000000
odin1myvs0chkhmal0zz74jz889cdpmkgu28dju5gme,odinvaloper1tkv6yfg7ukeea58tf3fyhtmdm2hely8d8hnn2m,9412377681
odin1myvs0chkhmal0zz74jz889cdpmkgu28dju5gme,odinvaloper1ku6dsk0rh8l0me8j0lkks3sefsr90hd2z8g06e,8418868100
odin1myvs0chkhmal0zz74jz889cdpmkgu28dju5gme,odinvaloper1pcwlans8a2xtfddx04n6vhal5wx8jsvmxean8n,0
odin1myvs0chkhmal0zz74jz889cdpmkgu28dju5gme,odinvaloper1gr249nhe8y8mdls0z82nfkh2a7xwm7xy7f4m03,0
odin1snlst5ww2mk4krvuua7rt2362sfcj6dxkrcm3m,odinvaloper1tkv6yfg7ukeea58tf3fyhtmdm2hely8d8hnn2m,1000000000
odin1snlst5ww2mk4krvuua7rt2362sfcj6dxkrcm3m,odinvaloper16l94qycfsepcyxsg5ygt3krwrzeepzj380qy8y,900000000
odin1snlst5ww2mk4krvuua7rt2362sfcj6dxkrcm3m,odinvaloper1ns80t8zh50uelxrjw2ua6lchdym3j6xrgrwxg7,800000000
odin1snlst5ww2mk4krvuua7rt2362sfcj6dxkrcm3m,odinvaloper1jj2xx0en2wcs8vj3n4s6lkf8gjqqwtkh8996st,600000000
odin1eqnd3ytlduuvvekrvneewuu6l8469wjq3c0w60,odinvaloper1usa0ldz9lhfd7zf5h93qtzn0st9uqtd949x9ww,630000000
odin1eqnd3ytlduuvvekrvneewuu6l8469wjq3c0w60,odinvaloper103yy6yxn7u3tfs25fr4xt4hyfq9h44ydw98n3z,138500000
odin1s2836qp643erzun95ch40kj4ccup5ewj6sz6kl,odinvaloper1ns80t8zh50uelxrjw2ua6lchdym3j6xrgrwxg7,300000000
odin1s2836qp643erzun95ch40kj4ccup5ewj6sz6kl,odinvaloper1tkv6yfg7ukeea58tf3fyhtmdm2hely8d8hnn2m,300000000
odin17s5d2rnye7kutjpyy4afhlsj0td42yy5kkjcrd,odinvaloper1ku6dsk0rh8l0me8j0lkks3sefsr90hd2z8g06e,1999000000
odin17s5d2rnye7kutjpyy4afhlsj0td42yy5kkjcrd,odinvaloper10u2g5yhvtm0d76f860kggp6lakge4q8hj59tn5,999900000
odin1dgs2wtpk9djdycjqf7lmwx5rne42ecwm5nv35r,odinvaloper1wuwhanclwh9ckpe6z6480t3pjjpk7dsj2trk9p,169900086
odin1dgs2wtpk9djdycjqf7lmwx5rne42ecwm5nv35r,odinvaloper1pcwlans8a2xtfddx04n6vhal5wx8jsvmxean8n,0
odin1awlntjfrmlq07kwr5ukwfvez46gagts9h4ahcg,odinvaloper1prdr5g0mad8430ru4y0gpttyhhd4pm6yqz686s,300000000
odin1awlntjfrmlq07kwr5ukwfvez46gagts9h4ahcg,odinvaloper1wuwhanclwh9ckpe6z6480t3pjjpk7dsj2trk9p,300000000
odin1awlntjfrmlq07kwr5ukwfvez46gagts9h4ahcg,odinvaloper1k9xkg2nfm0h85ew9lc8ut7sc5lcvyspkfdlatg,200000000
odin1awlntjfrmlq07kwr5ukwfvez46gagts9h4ahcg,odinvaloper1z2mdr2unlrnqnwzu03ujym078pp8g4wy9k6hqd,200000000
odin17l4rsnfmjhp6ysjq8l0cuka92jydy7ntn60ua4,odinvaloper1wuwhanclwh9ckpe6z6480t3pjjpk7dsj2trk9p,105000000
odin17l4rsnfmjhp6ysjq8l0cuka92jydy7ntn60ua4,odinvaloper1agc625vf57femlvg7aupvuje8v73swlmv6watw,5000000
odin1vllfc6yu2s4dhsf45hfknu9m8lmn6y4hs8w8eg,odinvaloper1ns80t8zh50uelxrjw2ua6lchdym3j6xrgrwxg7,27300000
odin1vllfc6yu2s4dhsf45hfknu9m8lmn6y4hs8w8eg,odinvaloper1pfs42htt5w4d65rjt9cs283c2sre4tf3t4sfl7,1000000
odin1jpua20prsxke4t9vuxugyjua0jdruyzpwaj9pe,odinvaloper16l94qycfsepcyxsg5ygt3krwrzeepzj380qy8y,1675000000
odin1jpua20prsxke4t9vuxugyjua0jdruyzpwaj9pe,odinvaloper1tkv6yfg7ukeea58tf3fyhtmdm2hely8d8hnn2m,1540880998
odin1jpua20prsxke4t9vuxugyjua0jdruyzpwaj9pe,odinvaloper1ns80t8zh50uelxrjw2ua6lchdym3j6xrgrwxg7,1080000000
odin1lyt5r2kd0sankm0hrjc7gmmlrcuhxjd80wh5qn,odinvaloper1tkv6yfg7ukeea58tf3fyhtmdm2hely8d8hnn2m,8330000000
odin1lyt5r2kd0sankm0hrjc7gmmlrcuhxjd80wh5qn,odinvaloper1ns80t8zh50uelxrjw2ua6lchdym3j6xrgrwxg7,6915000000
odin1c7c8un9v8th406gv6x40nna45pc3gn40yc67ep,odinvaloper1usa0ldz9lhfd7zf5h93qtzn0st9uqtd949x9ww,1650000000
odin1c7c8un9v8th406gv6x40nna45pc3gn40yc67ep,odinvaloper13vlywycxkfwgjkj9pprnmh5nhc45t0ggm4gw55,1310000901
odin1c36py3de66vmdx6ss98rxwzzpw43m3f8e7kmml,odinvaloper1usa0ldz9lhfd7zf5h93qtzn0st9uqtd949x9ww,125200000
odin1c36py3de66vmdx6ss98rxwzzpw43m3f8e7kmml,odinvaloper1wuwhanclwh9ckpe6z6480t3pjjpk7dsj2trk9p,75010000
odin1c36py3de66vmdx6ss98rxwzzpw43m3f8e7kmml,odinvaloper1ns80t8zh50uelxrjw2ua6lchdym3j6xrgrwxg7,50100000
odin15zmdy727y05dyletge905qnkmph5vssqp2kten,odinvaloper1ns80t8zh50uelxrjw2ua6lchdym3j6xrgrwxg7,104821040
odin15zmdy727y05dyletge905qnkmph5vssqp2kten,odinvaloper1pcwlans8a2xtfddx04n6vhal5wx8jsvmxean8n,0
odin1gjh6atlq7xypygs7ga32r75kjpey09m9lh8eg0,odinvaloper1ns80t8zh50uelxrjw2ua6lchdym3j6xrgrwxg7,60000000
odin1gjh6atlq7xypygs7ga32r75kjpey09m9lh8eg0,odinvaloper1pfs42htt5w4d65rjt9cs283c2sre4tf3t4sfl7,4000000
odin1ynjv4l0vw6dvzcel4kqply5637jacfrd4akr49,odinvaloper1wuwhanclwh9ckpe6z6480t3pjjpk7dsj2trk9p,51000000
odin1ynjv4l0vw6dvzcel4kqply5637jacfrd4akr49,odinvaloper10p5ry5ws70jfn62fjw3pa6nfxrut5p2ct3akjw,45300000
odin1cnqn3grg3v26nt9fxsch5wjupz9hkh3elh8c9k,odinvaloper1tkv6yfg7ukeea58tf3fyhtmdm2hely8d8hnn2m,100000008277
odin1cnqn3grg3v26nt9fxsch5wjupz9hkh3elh8c9k,odinvaloper10u2g5yhvtm0d76f860kggp6lakge4q8hj59tn5,50000000000
odin1ypmlekjd2mhjlh0263wtqjmskz77sclst9r9a9,odinvaloper1k4uuv8aanj3ejs0qhqmsax9d6lzmp0plz4zxu7,4398058719
odin1ypmlekjd2mhjlh0263wtqjmskz77sclst9r9a9,odinvaloper12hpn6mxulk8gt9zu0hs5lv20y666gmuszjfy3h,4056364596
odin1ypmlekjd2mhjlh0263wtqjmskz77sclst9r9a9,odinvaloper1ypmlekjd2mhjlh0263wtqjmskz77sclsxchm53,1188106195
odin1auw6g7w4qrk9j0kym6vy9c0g3hky2z0d78kh6l,odinvaloper1hz4ec0y6unshsfdwk2qj3dm3htky8yez486u25,2570000000
odin1auw6g7w4qrk9j0kym6vy9c0g3hky2z0d78kh6l,odinvaloper13vlywycxkfwgjkj9pprnmh5nhc45t0ggm4gw55,2000000621
odin1auw6g7w4qrk9j0kym6vy9c0g3hky2z0d78kh6l,odinvaloper1s009mue6fg6usnd8dfyvtvcckndtxsxjd5shs7,2000000000
odin1auw6g7w4qrk9j0kym6vy9c0g3hky2z0d78kh6l,odinvaloper14da0ag6pcf7hlgh54unm8udcm8flctna3djra7,2000000000
odin1auw6g7w4qrk9j0kym6vy9c0g3hky2z0d78kh6l,odinvaloper1usa0ldz9lhfd7zf5h93qtzn0st9uqtd949x9ww,1307000000
odin15v96s2y6wc2ea6k849p4ejmc6009e7m8n2jex6,odinvaloper10u2g5yhvtm0d76f860kggp6lakge4q8hj59tn5,599940000
odin15v96s2y6wc2ea6k849p4ejmc6009e7m8n2jex6,odinvaloper1tkv6yfg7ukeea58tf3fyhtmdm2hely8d8hnn2m,500000000
odin15v96s2y6wc2ea6k849p4ejmc6009e7m8n2jex6,odinvaloper103yy6yxn7u3tfs25fr4xt4hyfq9h44ydw98n3z,500000000
odin15v96s2y6wc2ea6k849p4ejmc6009e7m8n2jex6,odinvaloper140l6y2gp3gxvay6qtn70re7z2s0gn57z9yperl,500000000
odin1m7h30ydll7txrdxjmks6kl3p7n3nezgz88ql8p,odinvaloper13vlywycxkfwgjkj9pprnmh5nhc45t0ggm4gw55,214800000
odin1m7h30ydll7txrdxjmks6kl3p7n3nezgz88ql8p,odinvaloper1tkv6yfg7ukeea58tf3fyhtmdm2hely8d8hnn2m,85200000
odin1nhjygea5fvf2lkd9u50sdpp3elc0hdlcngc5mj,odinvaloper1usa0ldz9lhfd7zf5h93qtzn0st9uqtd949x9ww,517000000
odin1nhjygea5fvf2lkd9u50sdpp3elc0hdlcngc5mj,odinvaloper1prdr5g0mad8430ru4y0gpttyhhd4pm6yqz686s,500000000
odin1nhjygea5fvf2lkd9u50sdpp3elc0hdlcngc5mj,odinvaloper1tkv6yfg7ukeea58tf3fyhtmdm2hely8d8hnn2m,500000000
odin1mg2dys5phep65gj2tuusrwltlc72z93qwukvu7,odinvaloper1ns80t8zh50uelxrjw2ua6lchdym3j6xrgrwxg7,15000014237
odin1mg2dys5phep65gj2tuusrwltlc72z93qwukvu7,odinvaloper1tkv6yfg7ukeea58tf3fyhtmdm2hely8d8hnn2m,7000009166
odin1mg2dys5phep65gj2tuusrwltlc72z93qwukvu7,odinvaloper1evv5y2ake002n9l27t5qhqcwhgwd6up2mpuyj0,5079492008
odin1mg2dys5phep65gj2tuusrwltlc72z93qwukvu7,odinvaloper1mzfn23hpd7nuwxgy433f7qvra89utv3hrwvvmn,5000000000
odin1mg2dys5phep65gj2tuusrwltlc72z93qwukvu7,odinvaloper1jj2xx0en2wcs8vj3n4s6lkf8gjqqwtkh8996st,1909
odin1g07e4hf0r4ckkeltndtrtr60txdz4haeazg555,odinvaloper1tkv6yfg7ukeea58tf3fyhtmdm2hely8d8hnn2m,3424000000
odin1g07e4hf0r4ckkeltndtrtr60txdz4haeazg555,odinvaloper140l6y2gp3gxvay6qtn70re7z2s0gn57z9yperl,3319816301
odin1g07e4hf0r4ckkeltndtrtr60txdz4haeazg555,odinvaloper103yy6yxn7u3tfs25fr4xt4hyfq9h44ydw98n3z,1012910000
odin1ajkvq4f9metavlntyv003zlsz96zkj8m4slj9k,odinvaloper1tkv6yfg7ukeea58tf3fyhtmdm2hely8d8hnn2m,15000000000
odin1ajkvq4f9metavlntyv003zlsz96zkj8m4slj9k,odinvaloper1k4uuv8aanj3ejs0qhqmsax9d6lzmp0plz4zxu7,9999
odin19cau33m6asahl0gg0sed7zw3vrkkmuet29asmf,odinvaloper1weryas9wx2saawjuefxtkxt0ayv9956ytmls6h,642897171
odin19cau33m6asahl0gg0sed7zw3vrkkmuet29asmf,odinvaloper1k4uuv8aanj3ejs0qhqmsax9d6lzmp0plz4zxu7,244897171
odin19cau33m6asahl0gg0sed7zw3vrkkmuet29asmf,odinvaloper12hpn6mxulk8gt9zu0hs5lv20y666gmuszjfy3h,179897171
odin19cau33m6asahl0gg0sed7zw3vrkkmuet29asmf,odinvaloper1ypmlekjd2mhjlh0263wtqjmskz77sclsxchm53,159897171
odin1yeuq4l0fhcj0t932uvefm7sxedkqc47xtu92xj,odinvaloper103yy6yxn7u3tfs25fr4xt4hyfq9h44ydw98n3z,206570000000
odin1yeuq4l0fhcj0t932uvefm7sxedkqc47xtu92xj,odinvaloper1tkv6yfg7ukeea58tf3fyhtmdm2hely8d8hnn2m,136250000000
odin1yeuq4l0fhcj0t932uvefm7sxedkqc47xtu92xj,odinvaloper12j5xj3dz6vzj4tympst9kmrxpahew0ppu6jhgw,94199423861
odin1yeuq4l0fhcj0t932uvefm7sxedkqc47xtu92xj,odinvaloper18xzaak0mxtzy9dsral8yucpfdak7mhc3ywjapu,86300000000
odin1yeuq4l0fhcj0t932uvefm7sxedkqc47xtu92xj,odinvaloper1svt6pg0p9qnsd2vjx062yt2843nnvtxcsu4kzj,55400000000
odin1yeuq4l0fhcj0t932uvefm7sxedkqc47xtu92xj,odinvaloper10u2g5yhvtm0d76f860kggp6lakge4q8hj59tn5,49995000001
odin1yeuq4l0fhcj0t932uvefm7sxedkqc47xtu92xj,odinvaloper16l94qycfsepcyxsg5ygt3krwrzeepzj380qy8y,49066240472
odin1yeuq4l0fhcj0t932uvefm7sxedkqc47xtu92xj,odinvaloper1ns80t8zh50uelxrjw2ua6lchdym3j6xrgrwxg7,19600000000
odin1yeuq4l0fhcj0t932uvefm7sxedkqc47xtu92xj,odinvaloper1s009mue6fg6usnd8dfyvtvcckndtxsxjd5shs7,19080223588
odin1yeuq4l0fhcj0t932uvefm7sxedkqc47xtu92xj,odinvaloper140l6y2gp3gxvay6qtn70re7z2s0gn57z9yperl,10000000000
odin1yeuq4l0fhcj0t932uvefm7sxedkqc47xtu92xj,odinvaloper1pjcyssl7ewhtlp4dqn596hu3gr7xs9su2z67tp,8500000000
odin1yeuq4l0fhcj0t932uvefm7sxedkqc47xtu92xj,odinvaloper1wuwhanclwh9ckpe6z6480t3pjjpk7dsj2trk9p,6000000000
odin1yeuq4l0fhcj0t932uvefm7sxedkqc47xtu92xj,odinvaloper1pfs42htt5w4d65rjt9cs283c2sre4tf3t4sfl7,4333000000
odin1yeuq4l0fhcj0t932uvefm7sxedkqc47xtu92xj,odinvaloper14da0ag6pcf7hlgh54unm8udcm8flctna3djra7,3000000000
odin1yeuq4l0fhcj0t932uvefm7sxedkqc47xtu92xj,odinvaloper1jj2xx0en2wcs8vj3n4s6lkf8gjqqwtkh8996st,2000000000
odin1yeuq4l0fhcj0t932uvefm7sxedkqc47xtu92xj,odinvaloper1k4uuv8aanj3ejs0qhqmsax9d6lzmp0plz4zxu7,1750000000
odin1lxn6wcq7p6g7d5anwc56tnvtly7gxhu2hkjzm7,odinvaloper1s009mue6fg6usnd8dfyvtvcckndtxsxjd5shs7,512000000
odin1lxn6wcq7p6g7d5anwc56tnvtly7gxhu2hkjzm7,odinvaloper103yy6yxn7u3tfs25fr4xt4hyfq9h44ydw98n3z,500000000
odin1lxn6wcq7p6g7d5anwc56tnvtly7gxhu2hkjzm7,odinvaloper1tkv6yfg7ukeea58tf3fyhtmdm2hely8d8hnn2m,295000000
odin1uf4uwkeneagg65yxn8dx7qf4d69nsegs8gt7qx,odinvaloper1tkv6yfg7ukeea58tf3fyhtmdm2hely8d8hnn2m,838000000
odin1uf4uwkeneagg65yxn8dx7qf4d69nsegs8gt7qx,odinvaloper1jj2xx0en2wcs8vj3n4s6lkf8gjqqwtkh8996st,360000000
odin1uf4uwkeneagg65yxn8dx7qf4d69nsegs8gt7qx,odinvaloper1usa0ldz9lhfd7zf5h93qtzn0st9uqtd949x9ww,48000000
odin1lqk7gsq40dskpcukavkwuh7t73cnh9tjfgqxkp,odinvaloper1xgp94zvrqqk0mhd0eh4hqk27y4kjvq4jdwqcnz,1849970000040
odin1lqk7gsq40dskpcukavkwuh7t73cnh9tjfgqxkp,odinvaloper140l6y2gp3gxvay6qtn70re7z2s0gn57z9yperl,1250000000000
odin1lqk7gsq40dskpcukavkwuh7t73cnh9tjfgqxkp,odinvaloper1ns80t8zh50uelxrjw2ua6lchdym3j6xrgrwxg7,1000000000000
odin1lqk7gsq40dskpcukavkwuh7t73cnh9tjfgqxkp,odinvaloper1prdr5g0mad8430ru4y0gpttyhhd4pm6yqz686s,1000000000000
odin1lqk7gsq40dskpcukavkwuh7t73cnh9tjfgqxkp,odinvaloper16l94qycfsepcyxsg5ygt3krwrzeepzj380qy8y,900000000000
odin1lqk7gsq40dskpcukavkwuh7t73cnh9tjfgqxkp,odinvaloper1ku6dsk0rh8l0me8j0lkks3sefsr90hd2z8g06e,900000000000
odin1lqk7gsq40dskpcukavkwuh7t73cnh9tjfgqxkp,odinvaloper103yy6yxn7u3tfs25fr4xt4hyfq9h44ydw98n3z,650000000000
odin1lqk7gsq40dskpcukavkwuh7t73cnh9tjfgqxkp,odinvaloper1k4uuv8aanj3ejs0qhqmsax9d6lzmp0plz4zxu7,547500007870
odin1lqk7gsq40dskpcukavkwuh7t73cnh9tjfgqxkp,odinvaloper1weryas9wx2saawjuefxtkxt0ayv9956ytmls6h,519999999999
odin1lqk7gsq40dskpcukavkwuh7t73cnh9tjfgqxkp,odinvaloper1tkv6yfg7ukeea58tf3fyhtmdm2hely8d8hnn2m,500000000000
odin1lqk7gsq40dskpcukavkwuh7t73cnh9tjfgqxkp,odinvaloper1ypmlekjd2mhjlh0263wtqjmskz77sclsxchm53,500000000000
odin1lqk7gsq40dskpcukavkwuh7t73cnh9tjfgqxkp,odinvaloper12hpn6mxulk8gt9zu0hs5lv20y666gmuszjfy3h,500000000000
odin1lqk7gsq40dskpcukavkwuh7t73cnh9tjfgqxkp,odinvaloper10u2g5yhvtm0d76f860kggp6lakge4q8hj59tn5,449955000015
odin1lqk7gsq40dskpcukavkwuh7t73cnh9tjfgqxkp,odinvaloper16669s8yp90uvnpn2377rzxp5f2wgdm3frk2tmp,400000013076
odin1lqk7gsq40dskpcukavkwuh7t73cnh9tjfgqxkp,odinvaloper12j5xj3dz6vzj4tympst9kmrxpahew0ppu6jhgw,399986000492
odin1lqk7gsq40dskpcukavkwuh7t73cnh9tjfgqxkp,odinvaloper1hz4ec0y6unshsfdwk2qj3dm3htky8yez486u25,350000000000
odin1lqk7gsq40dskpcukavkwuh7t73cnh9tjfgqxkp,odinvaloper1dtjflhhejdnw6frxqqwczpttt8jr3p7qf0el0v,309989000027
odin1lqk7gsq40dskpcukavkwuh7t73cnh9tjfgqxkp,odinvaloper1pjcyssl7ewhtlp4dqn596hu3gr7xs9su2z67tp,299915000044
odin1lqk7gsq40dskpcukavkwuh7t73cnh9tjfgqxkp,odinvaloper1hl0lduu35a9f6awf3nr4uqk7u4z6yhj6s9g4pm,250000000000
odin1lqk7gsq40dskpcukavkwuh7t73cnh9tjfgqxkp,odinvaloper1s009mue6fg6usnd8dfyvtvcckndtxsxjd5shs7,250000000000
odin1lqk7gsq40dskpcukavkwuh7t73cnh9tjfgqxkp,odinvaloper1jj2xx0en2wcs8vj3n4s6lkf8gjqqwtkh8996st,250000000000
odin1lqk7gsq40dskpcukavkwuh7t73cnh9tjfgqxkp,odinvaloper1gr249nhe8y8mdls0z82nfkh2a7xwm7xy7f4m03,249975000046
odin1lqk7gsq40dskpcukavkwuh7t73cnh9tjfgqxkp,odinvaloper1fupf80rhes3vu25vgjsk6sp8t68urpldecak8y,200000000000
odin1lqk7gsq40dskpcukavkwuh7t73cnh9tjfgqxkp,odinvaloper14da0ag6pcf7hlgh54unm8udcm8flctna3djra7,150000000000
odin1lqk7gsq40dskpcukavkwuh7t73cnh9tjfgqxkp,odinvaloper1svt6pg0p9qnsd2vjx062yt2843nnvtxcsu4kzj,150000000000
odin1lqk7gsq40dskpcukavkwuh7t73cnh9tjfgqxkp,odinvaloper18xzaak0mxtzy9dsral8yucpfdak7mhc3ywjapu,150000000000
odin1lqk7gsq40dskpcukavkwuh7t73cnh9tjfgqxkp,odinvaloper1pfs42htt5w4d65rjt9cs283c2sre4tf3t4sfl7,149973002765
odin1lqk7gsq40dskpcukavkwuh7t73cnh9tjfgqxkp,odinvaloper1phaq5u2xw5489ntchtdd8y4j6a65gfhechmgde,100000000000
odin1lqk7gsq40dskpcukavkwuh7t73cnh9tjfgqxkp,odinvaloper1evv5y2ake002n9l27t5qhqcwhgwd6up2mpuyj0,99939999999
odin1lqk7gsq40dskpcukavkwuh7t73cnh9tjfgqxkp,odinvaloper10p5ry5ws70jfn62fjw3pa6nfxrut5p2ct3akjw,80000000000
odin1lqk7gsq40dskpcukavkwuh7t73cnh9tjfgqxkp,odinvaloper1wvr8qn05m4jl8xvg4uyvun0dkydt7evshhfcht,0
odin1lqk7gsq40dskpcukavkwuh7t73cnh9tjfgqxkp,odinvaloper1lrgq04n9vu0qqql59t5l2wa7xfylg57d4kgwk6,0
odin1ntugl9874zqs06afu08l3lusuv0ch808purxd2,odinvaloper12hpn6mxulk8gt9zu0hs5lv20y666gmuszjfy3h,1138367202
odin1ntugl9874zqs06afu08l3lusuv0ch808purxd2,odinvaloper1k4uuv8aanj3ejs0qhqmsax9d6lzmp0plz4zxu7,83000000
odin12hpn6mxulk8gt9zu0hs5lv20y666gmus00a6cr,odinvaloper12hpn6mxulk8gt9zu0hs5lv20y666gmuszjfy3h,4229924324
odin12hpn6mxulk8gt9zu0hs5lv20y666gmus00a6cr,odinvaloper1k4uuv8aanj3ejs0qhqmsax9d6lzmp0plz4zxu7,3837841148
odin12hpn6mxulk8gt9zu0hs5lv20y666gmus00a6cr,odinvaloper1ypmlekjd2mhjlh0263wtqjmskz77sclsxchm53,1543287919
odin1r8586z0uy326gm5mc27x43hfnl66cjaxrsm2n6,odinvaloper10u2g5yhvtm0d76f860kggp6lakge4q8hj59tn5,5152488700
odin1r8586z0uy326gm5mc27x43hfnl66cjaxrsm2n6,odinvaloper1s009mue6fg6usnd8dfyvtvcckndtxsxjd5shs7,5029998700
odin1r8586z0uy326gm5mc27x43hfnl66cjaxrsm2n6,odinvaloper19mhtrvu5tzfr0mdyjnejggltjah803yzgltu88,5000000785
odin1r8586z0uy326gm5mc27x43hfnl66cjaxrsm2n6,odinvaloper1tkv6yfg7ukeea58tf3fyhtmdm2hely8d8hnn2m,260000000
odin1vcdavx4c4dr9vglmltnctvsj6juzj35ln4589q,odinvaloper1wuwhanclwh9ckpe6z6480t3pjjpk7dsj2trk9p,526000000
odin1vcdavx4c4dr9vglmltnctvsj6juzj35ln4589q,odinvaloper1pcwlans8a2xtfddx04n6vhal5wx8jsvmxean8n,200004900
odin160wdvp32nwrj8nqvdyvgn84vq8mvd8dvy2caw9,odinvaloper1prdr5g0mad8430ru4y0gpttyhhd4pm6yqz686s,9999999999
odin160wdvp32nwrj8nqvdyvgn84vq8mvd8dvy2caw9,odinvaloper1phaq5u2xw5489ntchtdd8y4j6a65gfhechmgde,0
odin1u3e6cd7aad2uz8uhhetez5x0junflm8luhvg5g,odinvaloper18xzaak0mxtzy9dsral8yucpfdak7mhc3ywjapu,80660000000
odin1u3e6cd7aad2uz8uhhetez5x0junflm8luhvg5g,odinvaloper1pjcyssl7ewhtlp4dqn596hu3gr7xs9su2z67tp,28359000000
odin1u3e6cd7aad2uz8uhhetez5x0junflm8luhvg5g,odinvaloper12j5xj3dz6vzj4tympst9kmrxpahew0ppu6jhgw,20000000000
odin1u3e6cd7aad2uz8uhhetez5x0junflm8luhvg5g,odinvaloper1prdr5g0mad8430ru4y0gpttyhhd4pm6yqz686s,18800000000
odin1u3e6cd7aad2uz8uhhetez5x0junflm8luhvg5g,odinvaloper1usa0ldz9lhfd7zf5h93qtzn0st9uqtd949x9ww,11000000000
odin1dp4c9jrv85nthgkzpth2uug857ep6rshse0pr2,odinvaloper1ns80t8zh50uelxrjw2ua6lchdym3j6xrgrwxg7,708587111
odin1dp4c9jrv85nthgkzpth2uug857ep6rshse0pr2,odinvaloper103yy6yxn7u3tfs25fr4xt4hyfq9h44ydw98n3z,141731162
odin1dp4c9jrv85nthgkzpth2uug857ep6rshse0pr2,odinvaloper10u2g5yhvtm0d76f860kggp6lakge4q8hj59tn5,0
odin1anzg2ggrnv8r3a34kas0h3t7f0d4jh7u2f0ndf,odinvaloper10u2g5yhvtm0d76f860kggp6lakge4q8hj59tn5,7467953130
odin1anzg2ggrnv8r3a34kas0h3t7f0d4jh7u2f0ndf,odinvaloper140l6y2gp3gxvay6qtn70re7z2s0gn57z9yperl,6744000000
odin1anzg2ggrnv8r3a34kas0h3t7f0d4jh7u2f0ndf,odinvaloper1ns80t8zh50uelxrjw2ua6lchdym3j6xrgrwxg7,5670000000
odin1anzg2ggrnv8r3a34kas0h3t7f0d4jh7u2f0ndf,odinvaloper1tkv6yfg7ukeea58tf3fyhtmdm2hely8d8hnn2m,1035000000
odin1anzg2ggrnv8r3a34kas0h3t7f0d4jh7u2f0ndf,odinvaloper16l94qycfsepcyxsg5ygt3krwrzeepzj380qy8y,800005030
odin1anzg2ggrnv8r3a34kas0h3t7f0d4jh7u2f0ndf,odinvaloper103yy6yxn7u3tfs25fr4xt4hyfq9h44ydw98n3z,120000000
odin1gemz69k8t63pl8cnz0ly9rju46hfjkxsw9rxtu,odinvaloper1ku6dsk0rh8l0me8j0lkks3sefsr90hd2z8g06e,5000000000
odin1gemz69k8t63pl8cnz0ly9rju46hfjkxsw9rxtu,odinvaloper1weryas9wx2saawjuefxtkxt0ayv9956ytmls6h,5000000000
odin1gemz69k8t63pl8cnz0ly9rju46hfjkxsw9rxtu,odinvaloper16l94qycfsepcyxsg5ygt3krwrzeepzj380qy8y,5000000000
odin1gemz69k8t63pl8cnz0ly9rju46hfjkxsw9rxtu,odinvaloper12hpn6mxulk8gt9zu0hs5lv20y666gmuszjfy3h,4000000000
odin19gdy0a4n8z7qd69rm6s8dl08s59u7860sd30t8,odinvaloper1tkv6yfg7ukeea58tf3fyhtmdm2hely8d8hnn2m,41359199999
odin19gdy0a4n8z7qd69rm6s8dl08s59u7860sd30t8,odinvaloper10u2g5yhvtm0d76f860kggp6lakge4q8hj59tn5,3666
odin148v42m525qvkhqv4z6l70ww655v8458kmedlw3,odinvaloper1wuwhanclwh9ckpe6z6480t3pjjpk7dsj2trk9p,399990000000
odin148v42m525qvkhqv4z6l70ww655v8458kmedlw3,odinvaloper140l6y2gp3gxvay6qtn70re7z2s0gn57z9yperl,250000000000
odin148v42m525qvkhqv4z6l70ww655v8458kmedlw3,odinvaloper1svt6pg0p9qnsd2vjx062yt2843nnvtxcsu4kzj,250000000000
odin148v42m525qvkhqv4z6l70ww655v8458kmedlw3,odinvaloper12j5xj3dz6vzj4tympst9kmrxpahew0ppu6jhgw,250000000000
odin148v42m525qvkhqv4z6l70ww655v8458kmedlw3,odinvaloper1tkv6yfg7ukeea58tf3fyhtmdm2hely8d8hnn2m,250000000000
odin148v42m525qvkhqv4z6l70ww655v8458kmedlw3,odinvaloper14da0ag6pcf7hlgh54unm8udcm8flctna3djra7,200000000000
odin148v42m525qvkhqv4z6l70ww655v8458kmedlw3,odinvaloper103yy6yxn7u3tfs25fr4xt4hyfq9h44ydw98n3z,200000000000
odin148v42m525qvkhqv4z6l70ww655v8458kmedlw3,odinvaloper10u2g5yhvtm0d76f860kggp6lakge4q8hj59tn5,99990000003
odin148v42m525qvkhqv4z6l70ww655v8458kmedlw3,odinvaloper16l94qycfsepcyxsg5ygt3krwrzeepzj380qy8y,61000000000
odin148v42m525qvkhqv4z6l70ww655v8458kmedlw3,odinvaloper1ns80t8zh50uelxrjw2ua6lchdym3j6xrgrwxg7,50000000000
odin1lkznpljvglyfehzngujl93l0d3elfvuaskt0g0,odinvaloper13vlywycxkfwgjkj9pprnmh5nhc45t0ggm4gw55,13800000000
odin1lkznpljvglyfehzngujl93l0d3elfvuaskt0g0,odinvaloper1tkv6yfg7ukeea58tf3fyhtmdm2hely8d8hnn2m,13500000000
odin1lkznpljvglyfehzngujl93l0d3elfvuaskt0g0,odinvaloper1phaq5u2xw5489ntchtdd8y4j6a65gfhechmgde,0
odin1gkgyfg50kxw73kqhpnmjt7ralf8wvla4saze3x,odinvaloper10u2g5yhvtm0d76f860kggp6lakge4q8hj59tn5,7256426300
odin1gkgyfg50kxw73kqhpnmjt7ralf8wvla4saze3x,odinvaloper1tkv6yfg7ukeea58tf3fyhtmdm2hely8d8hnn2m,1065000000
odin15hdq5cljxf9tuk36cddrnperpfedagvgvna6tj,odinvaloper1tkv6yfg7ukeea58tf3fyhtmdm2hely8d8hnn2m,50000000000
odin15hdq5cljxf9tuk36cddrnperpfedagvgvna6tj,odinvaloper103yy6yxn7u3tfs25fr4xt4hyfq9h44ydw98n3z,41000000000
odin15hdq5cljxf9tuk36cddrnperpfedagvgvna6tj,odinvaloper16l94qycfsepcyxsg5ygt3krwrzeepzj380qy8y,29000000000
odin15hdq5cljxf9tuk36cddrnperpfedagvgvna6tj,odinvaloper140l6y2gp3gxvay6qtn70re7z2s0gn57z9yperl,29000000000
odin10u2g5yhvtm0d76f860kggp6lakge4q8hlf346q,odinvaloper10u2g5yhvtm0d76f860kggp6lakge4q8hj59tn5,17069878492
odin10u2g5yhvtm0d76f860kggp6lakge4q8hlf346q,odinvaloper1evv5y2ake002n9l27t5qhqcwhgwd6up2mpuyj0,749925001
odin10u2g5yhvtm0d76f860kggp6lakge4q8hlf346q,odinvaloper1k4uuv8aanj3ejs0qhqmsax9d6lzmp0plz4zxu7,500000000
odin10u2g5yhvtm0d76f860kggp6lakge4q8hlf346q,odinvaloper1z2mdr2unlrnqnwzu03ujym078pp8g4wy9k6hqd,205000000
odin10u2g5yhvtm0d76f860kggp6lakge4q8hlf346q,odinvaloper1wuwhanclwh9ckpe6z6480t3pjjpk7dsj2trk9p,200000000
odin10u2g5yhvtm0d76f860kggp6lakge4q8hlf346q,odinvaloper1k9xkg2nfm0h85ew9lc8ut7sc5lcvyspkfdlatg,200000000
odin10u2g5yhvtm0d76f860kggp6lakge4q8hlf346q,odinvaloper1x7s0jhpx8zjtcj93wsnt879muwh0hqeszp278y,190000000
odin10u2g5yhvtm0d76f860kggp6lakge4q8hlf346q,odinvaloper1mzfn23hpd7nuwxgy433f7qvra89utv3hrwvvmn,120000000
odin1sqm0rm2w52lg07g0v9kynt6zqqghlfvupkvqra,odinvaloper1usa0ldz9lhfd7zf5h93qtzn0st9uqtd949x9ww,500000000
odin1sqm0rm2w52lg07g0v9kynt6zqqghlfvupkvqra,odinvaloper1prdr5g0mad8430ru4y0gpttyhhd4pm6yqz686s,500000000
odin10e79zlu3z0zy74pdkgss6982lww7xv2nwl08s7,odinvaloper1ku6dsk0rh8l0me8j0lkks3sefsr90hd2z8g06e,200000000
odin10e79zlu3z0zy74pdkgss6982lww7xv2nwl08s7,odinvaloper12j5xj3dz6vzj4tympst9kmrxpahew0ppu6jhgw,200000000
odin1k4uuv8aanj3ejs0qhqmsax9d6lzmp0pl0gkc42,odinvaloper1k4uuv8aanj3ejs0qhqmsax9d6lzmp0plz4zxu7,12194249276
odin1k4uuv8aanj3ejs0qhqmsax9d6lzmp0pl0gkc42,odinvaloper1ypmlekjd2mhjlh0263wtqjmskz77sclsxchm53,11409661931
odin1k4uuv8aanj3ejs0qhqmsax9d6lzmp0pl0gkc42,odinvaloper12hpn6mxulk8gt9zu0hs5lv20y666gmuszjfy3h,229499856
odin1xf4wj67mjqacwvt2uy5tsxfzj8v4ls36whp7al,odinvaloper1s009mue6fg6usnd8dfyvtvcckndtxsxjd5shs7,2861150000
odin1xf4wj67mjqacwvt2uy5tsxfzj8v4ls36whp7al,odinvaloper10u2g5yhvtm0d76f860kggp6lakge4q8hj59tn5,2534746500
odin1xf4wj67mjqacwvt2uy5tsxfzj8v4ls36whp7al,odinvaloper16l94qycfsepcyxsg5ygt3krwrzeepzj380qy8y,1530000000
odin1xf4wj67mjqacwvt2uy5tsxfzj8v4ls36whp7al,odinvaloper1ns80t8zh50uelxrjw2ua6lchdym3j6xrgrwxg7,793060000
odin1xf4wj67mjqacwvt2uy5tsxfzj8v4ls36whp7al,odinvaloper19mhtrvu5tzfr0mdyjnejggltjah803yzgltu88,741000121
odin13u9fk0juue6uyf9t6vrsn6c2czt30dack393q7,odinvaloper1ns80t8zh50uelxrjw2ua6lchdym3j6xrgrwxg7,1011530335
odin13u9fk0juue6uyf9t6vrsn6c2czt30dack393q7,odinvaloper1tkv6yfg7ukeea58tf3fyhtmdm2hely8d8hnn2m,235500000
odin13u9fk0juue6uyf9t6vrsn6c2czt30dack393q7,odinvaloper1pcwlans8a2xtfddx04n6vhal5wx8jsvmxean8n,926025
odin14jjayrk7nsr2qm77xxc8majr88hfgjt6fhanxt,odinvaloper1svt6pg0p9qnsd2vjx062yt2843nnvtxcsu4kzj,26500000000
odin14jjayrk7nsr2qm77xxc8majr88hfgjt6fhanxt,odinvaloper1tkv6yfg7ukeea58tf3fyhtmdm2hely8d8hnn2m,1500000000
odin14jjayrk7nsr2qm77xxc8majr88hfgjt6fhanxt,odinvaloper1lrdn3s6guqgzfc96kesfk3fg3cufn5jsjg9lxd,100000000
odin1xmxth02jp0hq99m6yd2vdhkrlvzrk4xnges0z9,odinvaloper1k4uuv8aanj3ejs0qhqmsax9d6lzmp0plz4zxu7,2970000000
odin1xmxth02jp0hq99m6yd2vdhkrlvzrk4xnges0z9,odinvaloper1usa0ldz9lhfd7zf5h93qtzn0st9uqtd949x9ww,1000000000
odin1xmxth02jp0hq99m6yd2vdhkrlvzrk4xnges0z9,odinvaloper16669s8yp90uvnpn2377rzxp5f2wgdm3frk2tmp,600000000
odin1xmxth02jp0hq99m6yd2vdhkrlvzrk4xnges0z9,odinvaloper1weryas9wx2saawjuefxtkxt0ayv9956ytmls6h,500000000
odin1xmxth02jp0hq99m6yd2vdhkrlvzrk4xnges0z9,odinvaloper1hz4ec0y6unshsfdwk2qj3dm3htky8yez486u25,500000000
odin1xmxth02jp0hq99m6yd2vdhkrlvzrk4xnges0z9,odinvaloper1lrdn3s6guqgzfc96kesfk3fg3cufn5jsjg9lxd,500000000
odin1xmxth02jp0hq99m6yd2vdhkrlvzrk4xnges0z9,odinvaloper16l94qycfsepcyxsg5ygt3krwrzeepzj380qy8y,310000000
odin1xmxth02jp0hq99m6yd2vdhkrlvzrk4xnges0z9,odinvaloper140l6y2gp3gxvay6qtn70re7z2s0gn57z9yperl,110000000
odin1xmxth02jp0hq99m6yd2vdhkrlvzrk4xnges0z9,odinvaloper1pcwlans8a2xtfddx04n6vhal5wx8jsvmxean8n,1998
odin1v8d2n8stdeqtgtrrs6ala06pnwastrv0dlkkv4,odinvaloper1ns80t8zh50uelxrjw2ua6lchdym3j6xrgrwxg7,87114
odin1v8d2n8stdeqtgtrrs6ala06pnwastrv0dlkkv4,odinvaloper1tkv6yfg7ukeea58tf3fyhtmdm2hely8d8hnn2m,3966
odin1n3djcxu5nv0yn686rwm9xdqpmhj06fxza2u6km,odinvaloper19mhtrvu5tzfr0mdyjnejggltjah803yzgltu88,4569630044
odin1n3djcxu5nv0yn686rwm9xdqpmhj06fxza2u6km,odinvaloper1tkv6yfg7ukeea58tf3fyhtmdm2hely8d8hnn2m,1993437426
odin1n3djcxu5nv0yn686rwm9xdqpmhj06fxza2u6km,odinvaloper1ypmlekjd2mhjlh0263wtqjmskz77sclsxchm53,249841
odin1n3djcxu5nv0yn686rwm9xdqpmhj06fxza2u6km,odinvaloper10u2g5yhvtm0d76f860kggp6lakge4q8hj59tn5,0
odin1r80s7clullq9caln92fy7xhp7598ymjmakxwc4,odinvaloper1tkv6yfg7ukeea58tf3fyhtmdm2hely8d8hnn2m,1530000000
odin1r80s7clullq9caln92fy7xhp7598ymjmakxwc4,odinvaloper16l94qycfsepcyxsg5ygt3krwrzeepzj380qy8y,500000000
odin1r80s7clullq9caln92fy7xhp7598ymjmakxwc4,odinvaloper1s009mue6fg6usnd8dfyvtvcckndtxsxjd5shs7,416000000
odin1r80s7clullq9caln92fy7xhp7598ymjmakxwc4,odinvaloper1ns80t8zh50uelxrjw2ua6lchdym3j6xrgrwxg7,269000000
odin1snnphc4n9d2cpfg0a8w3d3qmt8sh7ha4pghcq5,odinvaloper1ns80t8zh50uelxrjw2ua6lchdym3j6xrgrwxg7,101502131
odin1snnphc4n9d2cpfg0a8w3d3qmt8sh7ha4pghcq5,odinvaloper1s009mue6fg6usnd8dfyvtvcckndtxsxjd5shs7,1500000
odin1ajehqr072vh9srddl063n8cqzz2tkcnuyp5cr0,odinvaloper1wm93qtv8gtr2x83cm2hddk02k8z2vkwc4j4x8s,9999
odin1ajehqr072vh9srddl063n8cqzz2tkcnuyp5cr0,odinvaloper1phaq5u2xw5489ntchtdd8y4j6a65gfhechmgde,999
odin162pvxklt23w6q095nz357y8yeqct0flqa5wd3z,odinvaloper10u2g5yhvtm0d76f860kggp6lakge4q8hj59tn5,15127575100
odin162pvxklt23w6q095nz357y8yeqct0flqa5wd3z,odinvaloper1s009mue6fg6usnd8dfyvtvcckndtxsxjd5shs7,8830000000
odin162pvxklt23w6q095nz357y8yeqct0flqa5wd3z,odinvaloper1k4uuv8aanj3ejs0qhqmsax9d6lzmp0plz4zxu7,6984000000
odin162pvxklt23w6q095nz357y8yeqct0flqa5wd3z,odinvaloper1ns80t8zh50uelxrjw2ua6lchdym3j6xrgrwxg7,5916000000
odin162pvxklt23w6q095nz357y8yeqct0flqa5wd3z,odinvaloper1wuwhanclwh9ckpe6z6480t3pjjpk7dsj2trk9p,1000000
odin162pvxklt23w6q095nz357y8yeqct0flqa5wd3z,odinvaloper1k9xkg2nfm0h85ew9lc8ut7sc5lcvyspkfdlatg,1000000
odin1snfaww4r9ek2ahvwhmy5lmmm2st92ryyvf8zv9,odinvaloper140l6y2gp3gxvay6qtn70re7z2s0gn57z9yperl,193707202
odin1snfaww4r9ek2ahvwhmy5lmmm2st92ryyvf8zv9,odinvaloper12j5xj3dz6vzj4tympst9kmrxpahew0ppu6jhgw,145641657
odin163f4akptgz8xqp26e7xlt04hwd9asgxy6pqa9w,odinvaloper1phaq5u2xw5489ntchtdd8y4j6a65gfhechmgde,4000000
odin163f4akptgz8xqp26e7xlt04hwd9asgxy6pqa9w,odinvaloper1wm93qtv8gtr2x83cm2hddk02k8z2vkwc4j4x8s,2999999
odin163f4akptgz8xqp26e7xlt04hwd9asgxy6pqa9w,odinvaloper1tkv6yfg7ukeea58tf3fyhtmdm2hely8d8hnn2m,2000000
odin163f4akptgz8xqp26e7xlt04hwd9asgxy6pqa9w,odinvaloper1prdr5g0mad8430ru4y0gpttyhhd4pm6yqz686s,2000000
odin163f4akptgz8xqp26e7xlt04hwd9asgxy6pqa9w,odinvaloper1usa0ldz9lhfd7zf5h93qtzn0st9uqtd949x9ww,1000000
odin1hk6nkuap3tcum9ll9lmvz8h5nk9zhrwhydreqe,odinvaloper19mhtrvu5tzfr0mdyjnejggltjah803yzgltu88,80430739346
odin1hk6nkuap3tcum9ll9lmvz8h5nk9zhrwhydreqe,odinvaloper10u2g5yhvtm0d76f860kggp6lakge4q8hj59tn5,0
odin1dt3f9vkqrvfkvq4uf0fmwwf89zqdfcxux7kztl,odinvaloper1tkv6yfg7ukeea58tf3fyhtmdm2hely8d8hnn2m,61253056917
odin1dt3f9vkqrvfkvq4uf0fmwwf89zqdfcxux7kztl,odinvaloper1mzfn23hpd7nuwxgy433f7qvra89utv3hrwvvmn,5000
